Site,Partition,&alpha;,&beta;,&beta;-&alpha;,Prob[&alpha;>&beta;],Prob[&alpha;<&beta;],BayesFactor[&alpha;<&beta;],,,num_pos,num_neg
1,1,2.409,0.085,-2.324,0.891,0.059,0.146,,,4,166
2,1,0.517,0.458,-0.059,0.457,0.473,2.078,,,,
3,1,0.501,0.951,0.45,0.151,0.796,9.048,,,,
4,1,0.458,1.06,0.602,0.101,0.853,13.45,,,,
5,1,0.488,0.45,-0.038,0.447,0.482,2.151,,,,
6,1,0.44,0.416,-0.023,0.443,0.483,2.162,,,,
7,1,0.403,0.127,-0.276,0.699,0.179,0.506,,,,
8,1,2.005,0.095,-1.91,0.983,0.012,0.028,,,,
9,1,0.357,0.149,-0.208,0.652,0.22,0.651,,,,
10,1,0.369,0.147,-0.222,0.663,0.212,0.622,,,,
11,1,0.55,0.153,-0.398,0.726,0.177,0.497,,,,
12,1,0.404,0.154,-0.249,0.673,0.21,0.614,,,,
13,1,0.37,0.158,-0.211,0.652,0.225,0.671,,,,
14,1,0.451,0.642,0.191,0.275,0.664,4.578,,,,
15,1,43.168,1.023,-42.145,0.998,0.002,0.004,,,,
16,1,0.552,0.841,0.289,0.246,0.695,5.271,,,,
17,1,1.684,1.334,-0.35,0.473,0.407,1.589,,,,
18,1,0.407,0.477,0.071,0.371,0.558,2.92,,,,
19,1,1.328,0.143,-1.185,0.931,0.05,0.121,,,,
20,1,2.2,0.106,-2.094,0.987,0.009,0.021,,,,
21,1,1.513,0.968,-0.544,0.56,0.343,1.21,,,,
22,1,0.867,0.15,-0.717,0.906,0.067,0.167,,,,
23,1,3.116,0.931,-2.185,0.883,0.075,0.187,,,,
24,1,0.664,1.641,0.977,0.103,0.844,12.561,,,,
25,1,1.07,0.835,-0.235,0.463,0.452,1.909,,,,
26,1,0.481,0.871,0.39,0.161,0.786,8.487,,,,
27,1,0.43,0.154,-0.276,0.686,0.202,0.585,,,,
28,1,1.89,0.957,-0.933,0.646,0.271,0.86,,,,
29,1,0.98,0.159,-0.821,0.906,0.068,0.17,,,,
30,1,1.124,0.171,-0.953,0.932,0.049,0.12,,,,
31,1,0.7,0.821,0.121,0.311,0.625,3.852,,,,
32,1,1.057,1.149,0.093,0.349,0.542,2.735,,,,
33,1,0.456,0.783,0.327,0.193,0.752,7.028,,,,
34,1,0.989,0.178,-0.811,0.892,0.08,0.202,,,,
35,1,0.983,0.15,-0.832,0.912,0.063,0.157,,,,
36,1,0.43,0.154,-0.276,0.686,0.202,0.585,,,,
37,1,0.761,0.977,0.216,0.265,0.649,4.28,,,,
38,1,2.297,0.111,-2.185,0.987,0.009,0.02,,,,
39,1,0.373,0.44,0.066,0.371,0.555,2.883,,,,
40,1,0.385,0.618,0.232,0.244,0.698,5.341,,,,
41,1,1.659,1.754,0.096,0.308,0.582,3.217,,,,
42,1,1.528,0.915,-0.613,0.56,0.362,1.311,,,,
43,1,0.563,1.725,1.162,0.093,0.863,14.572,,,,
44,1,0.797,0.687,-0.11,0.506,0.418,1.661,,,,
45,1,1.199,1.176,-0.022,0.413,0.48,2.135,,,,
46,1,6.36,2.642,-3.717,0.876,0.014,0.033,,,,
47,1,0.787,0.652,-0.135,0.503,0.418,1.663,,,,
48,1,5.81,0.116,-5.695,1,0,0,,,,
49,1,7.406,2.923,-4.483,0.919,0.013,0.03,,,,
50,1,2.733,1.076,-1.657,0.847,0.083,0.21,,,,
51,1,5.67,1.641,-4.029,0.953,0.007,0.016,,,,
52,1,0.537,1.807,1.269,0.06,0.901,21.099,,,,
53,1,0.55,0.153,-0.398,0.726,0.177,0.497,,,,
54,1,0.834,1.616,0.782,0.144,0.777,8.037,,,,
55,1,0.497,1.065,0.568,0.116,0.834,11.636,,,,
56,1,0.513,0.454,-0.059,0.458,0.472,2.066,,,,
57,1,0.84,1.319,0.48,0.202,0.712,5.722,,,,
58,1,1.158,0.678,-0.481,0.655,0.27,0.854,,,,
59,1,0.822,0.617,-0.205,0.546,0.378,1.406,,,,
60,1,0.809,0.496,-0.313,0.649,0.285,0.92,,,,
61,1,2.957,1.061,-1.896,0.827,0.11,0.286,,,,
62,1,0.842,0.793,-0.049,0.407,0.508,2.389,,,,
63,1,0.659,0.685,0.026,0.355,0.581,3.205,,,,
64,1,0.718,0.31,-0.408,0.649,0.276,0.882,,,,
65,1,0.797,0.274,-0.522,0.686,0.241,0.735,,,,
66,1,1.308,11.4,10.092,0.003,0.975,91.715,,,,
67,1,0.73,0.297,-0.432,0.659,0.266,0.838,,,,
68,1,1.714,0.285,-1.429,0.875,0.097,0.249,,,,
69,1,4.654,4.348,-0.306,0.442,0.362,1.31,,,,
70,1,1.447,0.298,-1.149,0.873,0.098,0.252,,,,
71,1,5.845,0.489,-5.356,0.998,0.001,0.002,,,,
72,1,0.787,0.163,-0.624,0.888,0.081,0.204,,,,
73,1,0.417,0.965,0.547,0.111,0.845,12.651,,,,
74,1,0.55,0.153,-0.398,0.726,0.177,0.497,,,,
75,1,0.357,0.148,-0.209,0.654,0.218,0.645,,,,
76,1,3.243,0.091,-3.153,0.999,0.001,0.001,,,,
77,1,1.817,0.857,-0.96,0.734,0.19,0.542,,,,
78,1,0.845,0.991,0.146,0.296,0.615,3.694,,,,
79,1,2.873,0.134,-2.739,0.994,0.004,0.009,,,,
80,1,1.515,0.649,-0.866,0.749,0.192,0.549,,,,
81,1,1.385,0.978,-0.407,0.52,0.379,1.412,,,,
82,1,0.409,0.432,0.023,0.407,0.519,2.494,,,,
83,1,1.244,0.982,-0.262,0.471,0.423,1.699,,,,
84,1,3.248,0.586,-2.662,0.982,0.009,0.021,,,,
85,1,1.984,0.707,-1.277,0.841,0.111,0.289,,,,
86,1,0.732,0.463,-0.269,0.653,0.28,0.901,,,,
87,1,0.872,0.151,-0.72,0.905,0.068,0.169,,,,
88,1,3.07,0.709,-2.361,0.952,0.029,0.07,,,,
89,1,1.905,0.685,-1.219,0.837,0.115,0.3,,,,
90,1,2.218,0.518,-1.7,0.922,0.053,0.129,,,,
91,1,1.525,0.811,-0.715,0.666,0.257,0.799,,,,
92,1,0.374,0.456,0.082,0.359,0.568,3.042,,,,
93,1,1.209,0.693,-0.517,0.655,0.269,0.853,,,,
94,1,1.527,0.897,-0.63,0.566,0.354,1.269,,,,
95,1,0.836,2.174,1.337,0.089,0.842,12.318,,,,
96,1,0.399,0.658,0.259,0.232,0.712,5.707,,,,
97,1,0.744,0.657,-0.087,0.478,0.442,1.834,,,,
98,1,0.408,0.797,0.389,0.161,0.79,8.702,,,,
99,1,0.821,0.483,-0.338,0.666,0.269,0.852,,,,
100,1,2.711,0.499,-2.211,0.968,0.02,0.047,,,,
101,1,1.632,0.729,-0.903,0.731,0.205,0.595,,,,
102,1,0.845,0.481,-0.363,0.673,0.263,0.825,,,,
103,1,0.893,0.155,-0.738,0.903,0.07,0.174,,,,
104,1,1.544,0.672,-0.872,0.74,0.2,0.579,,,,
105,1,1.139,0.656,-0.482,0.666,0.261,0.817,,,,
106,1,0.808,0.66,-0.148,0.503,0.419,1.666,,,,
107,1,4.799,0.825,-3.974,0.972,0.015,0.035,,,,
108,1,0.982,0.152,-0.83,0.911,0.064,0.159,,,,
109,1,1.182,0.847,-0.336,0.537,0.368,1.348,,,,
110,1,0.573,0.381,-0.191,0.546,0.383,1.438,,,,
111,1,1.111,0.702,-0.409,0.622,0.298,0.983,,,,
112,1,2.963,0.092,-2.871,0.997,0.002,0.004,,,,
113,1,0.492,0.147,-0.345,0.715,0.181,0.511,,,,
114,1,1.798,0.101,-1.698,0.978,0.015,0.035,,,,
115,1,1.21,0.495,-0.715,0.794,0.156,0.427,,,,
116,1,1.841,0.12,-1.721,0.972,0.019,0.045,,,,
117,1,0.43,0.79,0.36,0.176,0.772,7.845,,,,
118,1,0.988,0.177,-0.811,0.892,0.08,0.201,,,,
119,1,0.43,0.154,-0.276,0.686,0.202,0.585,,,,
120,1,0.88,0.162,-0.719,0.897,0.075,0.187,,,,
121,1,3.066,0.09,-2.977,0.999,0.001,0.002,,,,
122,1,0.37,0.158,-0.211,0.652,0.225,0.671,,,,
123,1,1.159,1.311,0.152,0.323,0.561,2.954,,,,
124,1,2.548,0.106,-2.442,0.99,0.007,0.015,,,,
125,1,1.794,0.129,-1.665,0.968,0.023,0.054,,,,
126,1,0.37,0.155,-0.214,0.654,0.222,0.659,,,,
127,1,0.369,0.147,-0.222,0.663,0.212,0.622,,,,
128,1,0.55,0.153,-0.398,0.726,0.177,0.497,,,,
129,1,5.963,0.125,-5.838,1,0,0,,,,
130,1,0.43,0.159,-0.271,0.681,0.207,0.603,,,,
131,1,1.628,0.138,-1.49,0.962,0.027,0.065,,,,
132,1,0.795,1.613,0.818,0.133,0.792,8.787,,,,
133,1,2.029,0.114,-1.915,0.977,0.016,0.038,,,,
134,1,0.431,0.459,0.028,0.403,0.525,2.555,,,,
135,1,1.699,0.136,-1.563,0.964,0.026,0.061,,,,
136,1,1.2,0.475,-0.725,0.806,0.146,0.397,,,,
137,1,6.78,0.129,-6.651,1,0,0,,,,
138,1,0.398,0.617,0.218,0.254,0.686,5.065,,,,
139,1,0.83,0.146,-0.685,0.905,0.067,0.166,,,,
140,1,0.91,0.477,-0.433,0.695,0.244,0.746,,,,
141,1,7.713,0.719,-6.994,1,0,0,,,,
142,1,2.186,0.964,-1.222,0.755,0.17,0.475,,,,
143,1,0.811,0.242,-0.569,0.829,0.133,0.354,,,,
144,1,0.453,0.148,-0.304,0.699,0.191,0.546,,,,
145,1,0.369,0.149,-0.22,0.66,0.215,0.633,,,,
146,1,4.491,0.097,-4.395,1,0,0,,,,
147,1,0.397,0.792,0.395,0.156,0.796,9.003,,,,
148,1,0.738,0.656,-0.082,0.476,0.444,1.851,,,,
149,1,2.526,0.106,-2.42,0.99,0.007,0.016,,,,
150,1,2.911,0.095,-2.816,0.994,0.004,0.009,,,,
151,1,0.403,0.127,-0.276,0.699,0.179,0.506,,,,
152,1,0.287,0.207,-0.08,0.539,0.323,1.106,,,,
153,1,1.039,0.187,-0.852,0.918,0.06,0.147,,,,
154,1,1.17,0.13,-1.04,0.933,0.047,0.114,,,,
155,1,0.785,0.228,-0.558,0.871,0.098,0.25,,,,
156,1,5.92,0.122,-5.798,1,0,0,,,,
157,1,8.238,0.148,-8.09,1,0,0,,,,
158,1,0.689,0.467,-0.222,0.629,0.301,0.998,,,,
159,1,0.443,2.103,1.66,0.024,0.954,47.532,,,,
160,1,4.485,1.89,-2.596,0.808,0.058,0.142,,,,
161,1,2.174,1.035,-1.139,0.671,0.245,0.751,,,,
162,1,0.404,0.157,-0.247,0.671,0.212,0.624,,,,
163,1,0.907,0.138,-0.769,0.916,0.059,0.145,,,,
164,1,0.488,0.954,0.466,0.143,0.805,9.551,,,,
165,1,0.43,0.159,-0.271,0.681,0.207,0.603,,,,
166,1,0.385,0.617,0.231,0.245,0.697,5.325,,,,
167,1,0.691,0.381,-0.31,0.586,0.347,1.231,,,,
168,1,1.941,0.096,-1.845,0.981,0.013,0.03,,,,
169,1,1.832,0.131,-1.701,0.968,0.023,0.054,,,,
170,1,0.369,0.149,-0.22,0.66,0.215,0.633,,,,
171,1,7.204,0.125,-7.08,1,0,0,,,,
172,1,1.434,0.815,-0.62,0.631,0.286,0.927,,,,
173,1,1.278,1.027,-0.251,0.467,0.427,1.725,,,,
174,1,0.37,0.157,-0.213,0.652,0.224,0.667,,,,
175,1,0.453,0.148,-0.304,0.699,0.191,0.546,,,,
176,1,0.43,0.147,-0.283,0.692,0.195,0.559,,,,
177,1,0.43,0.154,-0.276,0.686,0.202,0.585,,,,
178,1,0.357,0.155,-0.202,0.646,0.226,0.677,,,,
179,1,0.37,0.155,-0.214,0.654,0.222,0.661,,,,
180,1,0.37,0.155,-0.214,0.654,0.222,0.661,,,,
181,1,0.492,0.147,-0.345,0.715,0.181,0.511,,,,
182,1,0.55,0.153,-0.398,0.726,0.177,0.497,,,,
183,1,0.44,0.823,0.384,0.17,0.779,8.131,,,,
184,1,0.357,0.146,-0.211,0.655,0.216,0.638,,,,
185,1,0.404,0.154,-0.249,0.673,0.21,0.614,,,,
186,1,0.431,0.455,0.024,0.407,0.521,2.52,,,,
187,1,0.439,0.416,-0.023,0.442,0.483,2.165,,,,
188,1,0.369,0.151,-0.219,0.658,0.217,0.64,,,,
189,1,0.431,0.46,0.028,0.403,0.525,2.56,,,,
190,1,0.43,0.147,-0.283,0.692,0.195,0.559,,,,
191,1,0.369,0.147,-0.222,0.663,0.212,0.622,,,,
192,1,1.581,1.253,-0.329,0.47,0.417,1.652,,,,
193,1,0.54,0.787,0.247,0.234,0.706,5.566,,,,
194,1,0.399,0.825,0.426,0.146,0.806,9.631,,,,
195,1,0.37,0.155,-0.214,0.654,0.222,0.661,,,,
196,1,1.383,0.205,-1.178,0.938,0.044,0.108,,,,
197,1,0.399,0.233,-0.166,0.6,0.293,0.957,,,,
198,1,1.003,0.214,-0.789,0.9,0.075,0.188,,,,
199,1,2.603,0.136,-2.467,0.993,0.004,0.01,,,,
200,1,0.534,0.647,0.113,0.32,0.616,3.718,,,,
201,1,0.749,0.227,-0.522,0.867,0.102,0.262,,,,
202,1,2.409,0.085,-2.324,0.891,0.059,0.145,,,,
203,1,0.453,0.132,-0.321,0.715,0.173,0.484,,,,
204,1,0.369,0.148,-0.221,0.661,0.214,0.629,,,,
205,1,0.901,0.15,-0.751,0.907,0.066,0.164,,,,
206,1,0.982,0.147,-0.835,0.914,0.061,0.151,,,,
207,1,2.515,0.1,-2.415,0.991,0.006,0.014,,,,
208,1,0.561,0.223,-0.338,0.795,0.158,0.435,,,,
209,1,2.256,0.113,-2.144,0.986,0.009,0.022,,,,
210,1,1.69,0.125,-1.564,0.968,0.022,0.053,,,,
211,1,2.068,0.528,-1.54,0.93,0.045,0.109,,,,
212,1,2.668,0.164,-2.505,0.983,0.011,0.026,,,,
213,1,0.397,0.637,0.24,0.241,0.701,5.416,,,,
214,1,5.644,1.175,-4.469,0.967,0.013,0.03,,,,
215,1,1.467,0.221,-1.246,0.919,0.06,0.147,,,,
216,1,0.403,0.138,-0.265,0.688,0.192,0.55,,,,
217,1,0.805,0.228,-0.577,0.874,0.096,0.245,,,,
218,1,2.198,0.519,-1.679,0.891,0.08,0.2,,,,
219,1,3.331,0.518,-2.813,0.978,0.013,0.031,,,,
220,1,1.651,0.126,-1.525,0.967,0.023,0.055,,,,
221,1,0.423,1.259,0.836,0.071,0.893,19.239,,,,
222,1,2.982,0.094,-2.888,0.997,0.002,0.004,,,,
223,1,6.627,2.718,-3.909,0.899,0.012,0.028,,,,
224,1,5.718,2.525,-3.193,0.802,0.041,0.1,,,,
225,1,0.461,0.616,0.155,0.298,0.64,4.111,,,,
226,1,0.37,0.157,-0.213,0.652,0.224,0.667,,,,
227,1,1.334,0.143,-1.192,0.931,0.049,0.12,,,,
228,1,0.373,0.436,0.063,0.374,0.552,2.848,,,,
229,1,0.385,0.47,0.085,0.358,0.57,3.07,,,,
230,1,1.588,0.472,-1.117,0.853,0.109,0.283,,,,
231,1,3.81,0.719,-3.091,0.97,0.017,0.04,,,,
232,1,4.348,1.057,-3.291,0.97,0.01,0.022,,,,
233,1,0.522,3.463,2.941,0.005,0.978,100.825,,,,
234,1,0.743,1.669,0.926,0.111,0.82,10.558,,,,
235,1,0.399,0.233,-0.166,0.6,0.293,0.957,,,,
236,1,0.559,0.226,-0.332,0.792,0.162,0.446,,,,
237,1,0.959,0.158,-0.801,0.905,0.069,0.171,,,,
238,1,0.43,0.157,-0.272,0.682,0.205,0.598,,,,
239,1,0.894,1.317,0.422,0.222,0.689,5.128,,,,
240,1,0.453,0.132,-0.321,0.715,0.173,0.484,,,,
241,1,2.409,0.085,-2.324,0.891,0.059,0.145,,,,
242,1,0.743,0.167,-0.576,0.878,0.09,0.23,,,,
243,1,1.043,0.147,-0.896,0.916,0.06,0.148,,,,
244,1,4.591,0.499,-4.092,0.995,0.003,0.006,,,,
245,1,0.647,0.557,-0.09,0.476,0.463,1.99,,,,
246,1,0.358,0.158,-0.2,0.644,0.23,0.689,,,,
247,1,0.85,0.109,-0.741,0.815,0.108,0.279,,,,
248,1,1.32,0.206,-1.114,0.893,0.081,0.205,,,,
249,1,0.978,1.175,0.197,0.28,0.627,3.881,,,,
250,1,2.776,0.855,-1.921,0.873,0.085,0.214,,,,
251,1,0.55,0.153,-0.398,0.726,0.177,0.497,,,,
252,1,0.433,0.828,0.395,0.165,0.784,8.393,,,,
253,1,2.615,0.104,-2.511,0.991,0.006,0.013,,,,
254,1,5.83,0.512,-5.318,0.998,0.001,0.002,,,,
255,1,1.17,0.804,-0.366,0.527,0.394,1.506,,,,
256,1,0.403,0.137,-0.267,0.69,0.19,0.544,,,,
257,1,0.453,0.123,-0.331,0.723,0.163,0.451,,,,
258,1,2.619,0.105,-2.514,0.991,0.006,0.013,,,,
259,1,3.03,0.895,-2.135,0.918,0.047,0.115,,,,
260,1,0.425,0.722,0.297,0.219,0.725,6.099,,,,
261,1,0.453,0.148,-0.304,0.699,0.191,0.546,,,,
262,1,0.492,0.147,-0.345,0.715,0.181,0.511,,,,
263,1,0.369,0.149,-0.22,0.66,0.215,0.633,,,,
264,1,3.286,0.887,-2.398,0.928,0.042,0.101,,,,
265,1,3.395,0.157,-3.239,0.99,0.006,0.015,,,,
266,1,0.548,1.06,0.512,0.136,0.809,9.817,,,,
267,1,6.192,1.175,-5.016,0.984,0.004,0.008,,,,
268,1,0.287,0.207,-0.08,0.539,0.323,1.106,,,,
269,1,0.357,0.146,-0.211,0.655,0.216,0.638,,,,
270,1,7.239,2.118,-5.121,0.99,0,0,,,,
271,1,23.178,0.993,-22.185,1,0,0,,,,
272,1,14.586,0.665,-13.921,1,0,0,,,,
273,1,0.558,1.027,0.469,0.16,0.785,8.432,,,,
274,1,0.902,0.943,0.041,0.335,0.574,3.119,,,,
275,1,0.804,0.163,-0.642,0.891,0.079,0.198,,,,
276,1,0.412,0.58,0.168,0.308,0.627,3.894,,,,
277,1,0.396,0.165,-0.231,0.66,0.223,0.664,,,,
278,1,0.797,0.682,-0.115,0.483,0.437,1.799,,,,
279,1,0.357,0.148,-0.209,0.654,0.218,0.645,,,,
280,1,0.827,0.603,-0.224,0.571,0.356,1.279,,,,
281,1,2.039,0.12,-1.919,0.982,0.012,0.029,,,,
282,1,2.358,1.088,-1.27,0.753,0.16,0.44,,,,
283,1,0.462,0.63,0.168,0.29,0.649,4.272,,,,
284,1,0.369,0.149,-0.22,0.659,0.215,0.635,,,,
285,1,1.729,0.485,-1.244,0.863,0.101,0.261,,,,
286,1,2.352,0.114,-2.237,0.98,0.014,0.032,,,,
287,1,0.404,0.156,-0.248,0.672,0.211,0.619,,,,
288,1,2.589,0.099,-2.49,0.992,0.005,0.013,,,,
289,1,1.134,0.482,-0.652,0.79,0.159,0.438,,,,
290,1,0.403,0.138,-0.265,0.688,0.192,0.55,,,,
291,1,0.425,0.6,0.175,0.284,0.654,4.377,,,,
292,1,0.404,0.154,-0.249,0.673,0.21,0.614,,,,
293,1,0.907,0.14,-0.767,0.915,0.06,0.148,,,,
294,1,2.442,0.107,-2.334,0.989,0.007,0.017,,,,
295,1,4.99,0.108,-4.882,1,0,0,,,,
296,1,0.787,0.161,-0.625,0.89,0.08,0.2,,,,
297,1,0.399,0.233,-0.166,0.6,0.293,0.957,,,,
298,1,5.846,0.121,-5.725,1,0,0,,,,
299,1,0.473,0.44,-0.032,0.446,0.482,2.154,,,,
300,1,0.369,0.148,-0.221,0.661,0.214,0.629,,,,
301,1,1.061,0.605,-0.456,0.633,0.3,0.992,,,,
302,1,0.82,0.156,-0.665,0.898,0.073,0.183,,,,
303,1,2.084,0.112,-1.971,0.984,0.011,0.025,,,,
304,1,0.728,0.171,-0.557,0.873,0.094,0.24,,,,
305,1,3.111,0.091,-3.019,0.997,0.002,0.004,,,,
306,1,6.592,1.199,-5.393,0.986,0.003,0.006,,,,
307,1,2.366,0.107,-2.259,0.988,0.008,0.019,,,,
308,1,2.877,0.102,-2.775,0.993,0.005,0.011,,,,
309,1,4.564,0.142,-4.421,1,0,0,,,,
310,1,5.532,1.693,-3.839,0.95,0.004,0.01,,,,
311,1,8.897,0.866,-8.031,0.999,0,0,,,,
312,1,5.142,0.084,-5.059,1,0,0,,,,
313,1,1.018,0.164,-0.854,0.904,0.07,0.174,,,,
314,1,1.002,0.152,-0.85,0.912,0.063,0.156,,,,
315,1,3.107,0.07,-3.037,0.999,0.001,0.002,,,,
316,1,0.411,0.468,0.058,0.38,0.548,2.807,,,,
317,1,0.818,0.164,-0.655,0.892,0.079,0.198,,,,
318,1,2.676,0.097,-2.578,0.992,0.005,0.012,,,,
319,1,3.82,5.783,1.962,0.165,0.596,3.41,,,,
320,1,4.672,0.171,-4.501,0.999,0,0.001,,,,
321,1,3.233,0.587,-2.646,0.982,0.009,0.022,,,,
322,1,0.66,0.477,-0.183,0.607,0.322,1.099,,,,
323,1,3.715,0.134,-3.581,1,0,0,,,,
324,1,3.444,0.695,-2.749,0.977,0.012,0.028,,,,
325,1,2.025,0.466,-1.558,0.921,0.055,0.133,,,,
326,1,3.355,0.157,-3.198,0.99,0.006,0.015,,,,
327,1,2.039,0.724,-1.315,0.834,0.117,0.305,,,,
328,1,3.686,1.293,-2.393,0.893,0.039,0.094,,,,
329,1,0.453,0.123,-0.331,0.723,0.163,0.451,,,,
330,1,3.477,0.087,-3.39,0.999,0.001,0.002,,,,
331,1,0.811,0.161,-0.65,0.892,0.078,0.195,,,,
332,1,0.858,0.15,-0.707,0.905,0.068,0.169,,,,
333,1,1.044,0.132,-0.911,0.926,0.052,0.127,,,,
334,1,0.889,0.159,-0.73,0.899,0.073,0.182,,,,
335,1,0.881,0.16,-0.721,0.899,0.073,0.183,,,,
336,1,3.582,0.094,-3.488,0.999,0,0.001,,,,
337,1,0.545,0.215,-0.33,0.672,0.236,0.713,,,,
338,1,1.548,0.132,-1.416,0.962,0.027,0.063,,,,
339,1,2.619,0.088,-2.531,0.996,0.003,0.006,,,,
340,1,0.369,0.149,-0.22,0.66,0.215,0.633,,,,
341,1,0.55,0.156,-0.394,0.723,0.18,0.509,,,,
342,1,0.357,0.155,-0.202,0.646,0.226,0.677,,,,
343,1,0.357,0.155,-0.202,0.646,0.226,0.677,,,,
344,1,3.14,0.071,-3.07,0.998,0.001,0.002,,,,
345,1,1.005,0.136,-0.869,0.923,0.054,0.132,,,,
346,1,6.45,0.129,-6.32,1,0,0,,,,
347,1,2.409,0.085,-2.324,0.891,0.059,0.145,,,,
348,1,2.409,0.085,-2.324,0.891,0.059,0.145,,,,
349,1,0.914,0.15,-0.764,0.908,0.066,0.162,,,,
350,1,2.026,0.122,-1.903,0.975,0.018,0.042,,,,
351,1,0.441,1.199,0.758,0.093,0.866,14.991,,,,
352,1,0.369,0.149,-0.22,0.659,0.215,0.635,,,,
353,1,0.344,0.52,0.176,0.287,0.646,4.227,,,,
354,1,2.36,0.116,-2.244,0.98,0.014,0.033,,,,
355,1,0.4,0.77,0.37,0.165,0.786,8.474,,,,
356,1,2.894,0.103,-2.791,0.998,0.001,0.003,,,,
357,1,0.55,0.153,-0.398,0.726,0.177,0.497,,,,
358,1,2.51,0.103,-2.407,0.99,0.007,0.015,,,,
359,1,5.969,0.117,-5.852,1,0,0,,,,
360,1,0.404,0.153,-0.251,0.674,0.208,0.608,,,,
361,1,0.97,0.159,-0.811,0.904,0.069,0.172,,,,
362,1,3.59,0.821,-2.769,0.957,0.025,0.059,,,,
363,1,1.776,0.127,-1.649,0.968,0.022,0.053,,,,
364,1,2.596,0.201,-2.395,0.82,0.13,0.345,,,,
365,1,0.828,0.163,-0.665,0.892,0.078,0.197,,,,
366,1,4.472,0.097,-4.375,1,0,0,,,,
367,1,2.809,0.096,-2.713,0.993,0.005,0.01,,,,
368,1,2.514,0.513,-2.001,0.96,0.025,0.06,,,,
369,1,3.735,0.09,-3.645,0.999,0,0.001,,,,
370,1,3.619,0.504,-3.115,0.97,0.02,0.046,,,,
371,1,4.074,0.08,-3.995,1,0,0,,,,
372,1,1.609,0.123,-1.486,0.968,0.022,0.053,,,,
373,1,2.078,0.166,-1.912,0.975,0.016,0.038,,,,
374,1,1.374,0.136,-1.238,0.957,0.03,0.072,,,,
375,1,0.769,0.162,-0.607,0.888,0.081,0.204,,,,
376,1,6.232,0.116,-6.115,1,0,0,,,,
377,1,0.453,0.148,-0.304,0.699,0.191,0.546,,,,
378,1,4.093,0.1,-3.993,0.999,0,0.001,,,,
379,1,5.868,0.135,-5.732,1,0,0,,,,
380,1,0.453,0.148,-0.304,0.699,0.191,0.546,,,,
381,1,0.287,0.207,-0.08,0.539,0.323,1.106,,,,
382,1,3.504,0.103,-3.401,0.996,0.003,0.006,,,,
383,1,1.293,0.209,-1.085,0.891,0.083,0.21,,,,
384,1,0.357,0.149,-0.208,0.652,0.22,0.651,,,,
385,1,2.73,0.125,-2.604,0.997,0.002,0.004,,,,
386,1,2.798,0.095,-2.703,0.993,0.004,0.01,,,,
387,1,5.465,0.119,-5.347,1,0,0,,,,
388,1,0.687,0.383,-0.304,0.584,0.35,1.243,,,,
389,1,0.357,0.149,-0.208,0.652,0.22,0.651,,,,
390,1,1.184,0.124,-1.06,0.937,0.044,0.107,,,,
391,1,4.296,0.105,-4.191,0.999,0.001,0.001,,,,
392,1,1.488,0.143,-1.345,0.957,0.031,0.073,,,,
393,1,0.404,0.154,-0.249,0.673,0.21,0.614,,,,
394,1,0.444,0.419,-0.025,0.443,0.483,2.16,,,,
395,1,1.851,0.121,-1.729,0.971,0.02,0.047,,,,
396,1,19.885,0.24,-19.645,1,0,0,,,,
397,1,1.076,0.119,-0.957,0.936,0.043,0.105,,,,
398,1,2.557,0.104,-2.453,0.991,0.006,0.014,,,,
399,1,5.744,0.485,-5.259,0.999,0,0,,,,
400,1,2.795,0.099,-2.696,0.993,0.005,0.011,,,,
401,1,2.201,0.179,-2.023,0.961,0.028,0.067,,,,
402,1,0.79,0.547,-0.243,0.6,0.33,1.138,,,,
403,1,2.172,1.111,-1.061,0.7,0.203,0.589,,,,
404,1,2.833,0.097,-2.737,0.994,0.004,0.009,,,,
405,1,1.165,1.228,0.064,0.331,0.569,3.054,,,,
406,1,1.539,1.267,-0.272,0.453,0.428,1.734,,,,
407,1,0.708,0.457,-0.251,0.647,0.285,0.924,,,,
408,1,1.57,0.582,-0.988,0.805,0.146,0.396,,,,
409,1,0.792,0.475,-0.317,0.662,0.272,0.866,,,,
410,1,2.018,0.693,-1.325,0.844,0.11,0.285,,,,
411,1,3.134,0.093,-3.041,0.998,0.002,0.004,,,,
412,1,1.167,0.677,-0.49,0.657,0.268,0.847,,,,
413,1,2.8,0.097,-2.704,0.996,0.003,0.006,,,,
414,1,11.756,0.704,-11.053,1,0,0,,,,
415,1,0.396,0.165,-0.231,0.66,0.223,0.664,,,,
416,1,1.904,0.127,-1.777,0.97,0.021,0.049,,,,
417,1,9.145,0.142,-9.003,1,0,0,,,,
418,1,8.74,0.424,-8.317,1,0,0,,,,
419,1,5.277,0.651,-4.626,0.994,0.003,0.006,,,,
420,1,0.868,0.963,0.095,0.314,0.597,3.42,,,,
421,1,1.101,0.479,-0.622,0.785,0.163,0.452,,,,
422,1,1.384,0.138,-1.246,0.956,0.031,0.074,,,,
423,1,0.4,0.46,0.06,0.378,0.55,2.823,,,,
424,1,0.369,0.148,-0.221,0.661,0.214,0.629,,,,
425,1,0.453,0.147,-0.305,0.7,0.19,0.541,,,,
426,1,0.357,0.155,-0.202,0.646,0.226,0.677,,,,
427,1,0.357,0.147,-0.21,0.655,0.217,0.639,,,,
428,1,1.468,0.128,-1.34,0.963,0.026,0.062,,,,
429,1,4.069,0.079,-3.99,0.999,0,0.001,,,,
430,1,0.396,0.165,-0.231,0.66,0.223,0.664,,,,
431,1,4.684,0.107,-4.577,1,0,0,,,,
432,1,0.863,0.469,-0.393,0.686,0.251,0.777,,,,
433,1,2.478,1.155,-1.324,0.78,0.125,0.33,,,,
434,1,0.786,0.154,-0.632,0.896,0.075,0.186,,,,
435,1,2.672,0.133,-2.539,0.994,0.003,0.008,,,,
436,1,2.344,0.106,-2.238,0.988,0.008,0.018,,,,
437,1,6.634,1.334,-5.3,0.991,0,0.001,,,,
438,1,2.891,0.128,-2.763,0.999,0.001,0.001,,,,
439,1,1.575,1.23,-0.345,0.417,0.485,2.181,,,,
440,1,0.518,0.497,-0.021,0.428,0.503,2.343,,,,
441,1,2.829,0.509,-2.32,0.967,0.02,0.048,,,,
442,1,0.829,2.095,1.266,0.085,0.845,12.647,,,,
443,1,0.692,0.57,-0.122,0.441,0.495,2.267,,,,
444,1,1.303,0.883,-0.42,0.536,0.377,1.4,,,,
445,1,5.389,0.721,-4.668,0.998,0,0.001,,,,
446,1,0.5,0.485,-0.015,0.429,0.502,2.332,,,,
447,1,2.345,0.495,-1.849,0.934,0.045,0.109,,,,
448,1,0.375,0.463,0.088,0.355,0.573,3.104,,,,
449,1,0.826,0.88,0.054,0.355,0.562,2.972,,,,
450,1,0.311,0.202,-0.109,0.566,0.303,1.006,,,,