Segment,Codon,Alpha,Beta,Alpha=Beta,LRT,p-value,Total Branch Length
Chaq,58,10.04,0.00,5.84,4.83,0.03,0.05
Chaq,61,6.56,0.00,6.49,2.93,0.09,0.06
Chaq,84,5.44,0.00,2.99,2.96,0.09,0.03
Chaq,120,5.03,0.00,2.89,3.14,0.08,0.02
Chaq,127,4.99,0.00,2.85,3.35,0.07,0.02
Chaq,144,7.89,0.00,4.47,4.29,0.04,0.04
Chaq,149,9.06,0.00,5.38,4.89,0.03,0.05
Chaq,166,5.66,0.00,3.57,3.39,0.07,0.03
Chaq,175,11.36,0.00,6.11,4.74,0.03,0.05
Chaq,179,7.46,0.00,4.37,4.22,0.04,0.04
Chaq,196,6.52,0.00,3.64,3.74,0.05,0.03
Chaq,206,10.78,0.00,6.17,5.44,0.02,0.05
Chaq,210,5.05,0.00,2.38,2.98,0.08,0.02
Chaq,218,6.57,0.00,2.94,3.63,0.06,0.03
Chaq,221,5.18,0.00,3.29,3.37,0.07,0.03
Chaq,232,6.45,0.00,3.86,3.19,0.07,0.04
Chaq,233,6.21,0.00,3.08,3.15,0.08,0.03
Chaq,261,5.00,0.00,2.53,2.82,0.09,0.02
Chaq,263,7.14,0.00,3.30,3.70,0.05,0.03
Chaq,291,8.05,0.00,4.11,3.61,0.06,0.06
Chaq,309,6.99,0.00,4.83,3.35,0.07,0.04
RNA1,7,2.54,0.00,1.34,3.53,0.06,0.11
RNA1,8,6.78,0.00,5.15,6.00,0.01,0.36
RNA1,15,2.64,0.00,1.45,3.25,0.07,0.10
RNA1,24,4.76,0.00,2.55,6.75,0.01,0.18
RNA1,53,1.78,0.00,1.06,3.08,0.08,0.08
RNA1,57,4.82,0.00,2.49,6.76,0.01,0.18
RNA1,58,2.82,0.00,1.46,4.00,0.05,0.10
RNA1,60,2.37,0.00,1.48,3.77,0.05,0.11
RNA1,62,1.95,0.00,1.11,3.28,0.07,0.08
RNA1,65,8.48,0.00,4.08,10.10,0.00,0.29
RNA1,75,2.16,0.00,0.99,3.09,0.08,0.07
RNA1,79,4.49,0.00,2.81,5.41,0.02,0.21
RNA1,92,1.93,0.00,0.91,2.99,0.08,0.06
RNA1,97,3.01,0.00,1.85,3.86,0.05,0.13
RNA1,99,1.88,0.00,0.91,2.81,0.09,0.06
RNA1,101,1.79,0.00,1.07,3.12,0.08,0.08
RNA1,111,4.45,0.00,2.37,6.39,0.01,0.17
RNA1,119,5.14,0.00,2.60,6.87,0.01,0.18
RNA1,128,2.46,0.00,1.47,3.82,0.05,0.10
RNA1,140,2.67,0.00,1.39,4.20,0.04,0.10
RNA1,141,3.55,0.00,1.99,5.50,0.02,0.14
RNA1,146,3.02,0.00,1.79,5.01,0.03,0.13
RNA1,147,2.10,0.00,1.30,2.83,0.09,0.09
RNA1,148,3.56,0.00,1.48,5.56,0.02,0.11
RNA1,149,2.24,0.00,1.22,3.59,0.06,0.09
RNA1,150,46.09,0.00,0.00,6.17,0.01,0.01
RNA1,161,2.84,0.00,1.34,4.08,0.04,0.10
RNA1,162,2.15,0.00,1.21,3.40,0.07,0.09
RNA1,170,2.05,0.00,1.26,2.76,0.10,0.09
RNA1,176,2.06,0.00,1.15,3.34,0.07,0.08
RNA1,180,2.87,0.00,1.86,4.54,0.03,0.13
RNA1,182,1.64,0.00,1.01,2.93,0.09,0.07
RNA1,186,3.23,0.00,1.41,4.47,0.03,0.10
RNA1,188,1.77,0.00,1.04,3.07,0.08,0.07
RNA1,210,4.17,0.00,2.52,5.64,0.02,0.18
RNA1,212,5.38,0.00,3.06,7.14,0.01,0.22
RNA1,213,1.93,0.00,1.16,3.09,0.08,0.08
RNA1,214,2.67,0.00,1.30,4.01,0.05,0.09
RNA1,215,1.74,0.00,1.03,3.03,0.08,0.07
RNA1,218,3.04,0.00,2.02,3.74,0.05,0.14
RNA1,219,4.39,0.00,2.37,5.88,0.02,0.17
RNA1,224,2.46,0.00,1.50,3.96,0.05,0.11
RNA1,225,2.64,0.00,1.88,2.86,0.09,0.15
RNA1,227,3.95,0.00,3.05,4.01,0.05,0.22
RNA1,231,6.63,0.00,2.79,7.29,0.01,0.20
RNA1,233,2.28,0.00,1.35,4.19,0.04,0.10
RNA1,235,7.38,0.00,4.59,9.22,0.00,0.32
RNA1,236,1.67,0.00,1.03,2.97,0.09,0.07
RNA1,241,3.09,0.00,1.70,4.51,0.03,0.12
RNA1,245,1.88,0.00,1.06,3.34,0.07,0.07
RNA1,246,1.90,0.00,1.07,3.34,0.07,0.08
RNA1,254,1.93,0.00,1.13,3.05,0.08,0.08
RNA1,255,1.85,0.00,0.90,2.77,0.10,0.06
RNA1,257,1.86,0.00,1.08,3.20,0.07,0.08
RNA1,258,3.22,0.00,1.62,4.49,0.03,0.11
RNA1,259,2.21,0.00,1.32,2.90,0.09,0.09
RNA1,261,1.69,0.00,0.85,2.76,0.10,0.06
RNA1,265,3.04,0.00,1.53,4.29,0.04,0.11
RNA1,271,5.24,0.00,2.89,5.73,0.02,0.20
RNA1,273,4.06,0.00,2.41,6.34,0.01,0.17
RNA1,286,5.21,0.00,2.38,6.90,0.01,0.17
RNA1,288,3.24,0.00,1.62,4.50,0.03,0.11
RNA1,289,3.18,0.00,1.79,4.84,0.03,0.13
RNA1,290,1.88,0.00,1.15,2.92,0.09,0.09
RNA1,294,4.52,0.00,2.24,5.65,0.02,0.16
RNA1,296,6.04,0.00,4.39,6.31,0.01,0.32
RNA1,297,1.68,0.00,0.86,2.74,0.10,0.06
RNA1,298,3.27,0.00,2.60,3.23,0.07,0.18
RNA1,301,2.65,0.00,1.52,4.73,0.03,0.11
RNA1,304,4.58,0.00,2.58,4.49,0.03,0.19
RNA1,312,5.63,0.00,3.08,6.03,0.01,0.22
RNA1,313,5.19,0.00,2.37,6.11,0.01,0.17
RNA1,314,8.93,0.00,5.84,10.91,0.00,0.41
RNA1,315,3.92,0.00,2.08,5.60,0.02,0.15
RNA1,319,3.68,0.00,2.16,6.35,0.01,0.15
RNA1,320,2.16,0.00,1.20,3.54,0.06,0.08
RNA1,326,3.42,0.00,2.03,5.10,0.02,0.14
RNA1,327,1.73,0.00,1.03,3.09,0.08,0.07
RNA1,338,3.00,0.00,1.65,4.29,0.04,0.12
RNA1,341,4.28,0.00,2.45,6.20,0.01,0.17
RNA1,354,2.03,0.00,0.88,3.38,0.07,0.06
RNA1,390,4.00,0.00,2.30,6.20,0.01,0.16
RNA1,394,3.94,0.00,2.23,4.67,0.03,0.16
RNA1,395,2.74,0.00,1.46,3.32,0.07,0.10
RNA1,396,4.27,0.00,2.05,5.56,0.02,0.14
RNA1,400,4.20,0.00,2.05,6.04,0.01,0.14
RNA1,404,3.37,0.00,1.57,4.54,0.03,0.11
RNA1,408,4.83,0.00,2.59,6.85,0.01,0.18
RNA1,410,2.58,0.00,1.62,3.77,0.05,0.11
RNA1,411,2.18,0.00,1.28,3.42,0.06,0.09
RNA1,416,4.58,0.00,2.00,5.66,0.02,0.14
RNA1,418,2.48,0.00,1.44,4.38,0.04,0.10
RNA1,420,4.64,0.00,2.73,5.36,0.02,0.20
RNA1,421,2.19,0.00,1.21,3.56,0.06,0.09
RNA1,424,2.78,0.00,1.57,4.85,0.03,0.11
RNA1,427,2.04,0.00,1.19,3.06,0.08,0.08
RNA1,430,3.46,0.00,2.02,5.49,0.02,0.14
RNA1,431,2.73,0.00,1.61,3.92,0.05,0.11
RNA1,435,3.05,0.00,1.59,4.63,0.03,0.11
RNA1,438,5.33,0.00,3.37,7.50,0.01,0.24
RNA1,441,3.61,0.00,2.24,3.72,0.05,0.16
RNA1,442,2.84,0.00,1.51,3.43,0.06,0.11
RNA1,448,2.05,0.00,1.12,3.56,0.06,0.08
RNA1,449,8.79,0.00,5.35,8.37,0.00,0.38
RNA1,453,2.20,0.00,1.52,2.99,0.08,0.11
RNA1,454,2.55,0.00,1.46,4.19,0.04,0.10
RNA1,456,3.97,0.00,2.31,6.66,0.01,0.16
RNA1,461,1.84,0.00,1.08,3.18,0.07,0.08
RNA1,463,2.10,0.00,1.09,3.64,0.06,0.08
RNA1,469,3.49,0.00,1.64,4.65,0.03,0.12
RNA1,470,2.41,0.00,1.87,2.71,0.10,0.13
RNA1,471,3.33,0.00,1.76,4.90,0.03,0.12
RNA1,475,3.74,0.00,2.95,3.69,0.05,0.21
RNA1,479,1.96,0.00,1.10,3.29,0.07,0.08
RNA1,480,2.04,0.00,1.20,3.12,0.08,0.09
RNA1,481,4.77,0.00,2.44,6.61,0.01,0.17
RNA1,484,3.21,0.00,2.00,4.88,0.03,0.14
RNA1,487,1.72,0.00,0.87,2.74,0.10,0.06
RNA1,488,12.62,0.00,7.16,12.15,5e-04,0.50
RNA1,492,2.53,0.00,1.94,2.72,0.10,0.14
RNA1,494,5.18,0.00,3.06,7.50,0.01,0.22
RNA1,503,3.17,0.00,1.88,5.18,0.02,0.13
RNA1,504,4.07,0.00,2.48,4.92,0.03,0.17
RNA1,507,1.79,0.00,1.01,3.27,0.07,0.07
RNA1,510,4.23,0.00,2.47,6.65,0.01,0.17
RNA1,512,3.22,0.00,1.51,4.65,0.03,0.11
RNA1,514,2.80,0.00,1.47,4.02,0.05,0.10
RNA1,520,2.65,0.00,1.66,3.48,0.06,0.12
RNA1,521,4.98,0.00,2.37,5.23,0.02,0.17
RNA1,522,3.66,0.00,1.55,4.99,0.03,0.11
RNA1,526,1.77,0.00,1.06,3.07,0.08,0.08
RNA1,528,1.52,0.00,0.75,2.91,0.09,0.05
RNA1,529,1.94,0.00,0.88,2.98,0.08,0.06
RNA1,531,2.56,0.00,1.48,4.21,0.04,0.11
RNA1,540,3.27,0.00,1.99,4.91,0.03,0.14
RNA2,25,9.58,0.00,5.82,5.23,0.02,0.13
RNA2,34,6.87,0.00,3.32,4.90,0.03,0.06
RNA2,58,3.97,0.00,2.36,3.05,0.08,0.06
RNA2,60,6.85,0.00,3.74,4.81,0.03,0.06
RNA2,70,4.97,0.00,2.87,2.97,0.08,0.05
RNA2,89,9.26,0.00,4.50,6.89,0.01,0.08
RNA2,106,4.76,0.00,2.38,3.93,0.05,0.04
RNA2,118,3.55,0.00,2.39,3.13,0.08,0.04
RNA2,129,4.34,0.00,2.40,3.50,0.06,0.04
RNA2,139,16.61,0.00,6.31,12.60,4e-04,0.11
RNA2,145,6.64,0.00,4.08,5.30,0.02,0.07
RNA2,146,5.76,0.00,4.35,3.64,0.06,0.07
RNA2,155,4.19,0.00,2.50,3.79,0.05,0.04
RNA2,159,26.24,0.00,9.96,17.32,0.00,0.17
RNA2,170,5.05,0.00,3.26,3.92,0.05,0.05
RNA2,173,5.58,0.00,2.99,3.23,0.07,0.05
RNA2,200,11.27,0.00,6.33,5.79,0.02,0.11
RNA2,204,6.06,0.00,3.58,5.01,0.03,0.08
RNA2,223,7.42,0.00,3.03,6.06,0.01,0.05
RNA2,226,9.99,0.00,4.21,7.70,0.01,0.07
RNA2,231,4.35,0.00,2.77,3.47,0.06,0.05
RNA2,244,3.92,0.00,2.50,3.33,0.07,0.04
RNA2,245,3.15,0.00,2.04,2.74,0.10,0.03
RNA2,262,10.33,0.00,5.31,7.28,0.01,0.09
RNA2,269,6.07,0.00,2.65,5.78,0.02,0.04
RNA2,276,17.24,0.00,8.10,9.91,0.00,0.14
RNA2,302,4.25,0.00,2.19,3.85,0.05,0.04
RNA2,321,7.17,0.00,3.53,5.59,0.02,0.06
RNA2,334,5.05,0.00,2.53,4.05,0.04,0.04
RNA2,335,6.64,0.00,3.45,5.47,0.02,0.07
RNA2,336,3.19,0.00,1.90,2.90,0.09,0.03
RNA2,337,5.66,0.00,2.68,5.66,0.02,0.06
RNA2,343,5.08,0.00,2.57,3.85,0.05,0.04
RNA2,347,5.74,0.00,2.48,4.59,0.03,0.04
RNA2,350,7.18,0.00,3.46,6.06,0.01,0.06
RNA2,351,4.89,0.00,2.89,4.24,0.04,0.07
RNA2,358,6.62,0.00,2.61,5.82,0.02,0.04
RNA2,366,2.57,0.00,1.27,2.76,0.10,0.02
RNA2,375,4.24,0.00,2.68,3.54,0.06,0.07
RNA2,379,14.41,0.00,5.22,11.05,9e-04,0.09
RNA2,380,8.97,0.00,4.78,6.43,0.01,0.08
RNA2,382,4.32,0.00,2.16,3.93,0.05,0.04
RNA2,388,8.05,0.00,3.63,6.53,0.01,0.06
RNA2,395,6.24,0.00,4.59,4.31,0.04,0.08
RNA2,398,4.72,0.00,2.69,4.12,0.04,0.05
RNA2,399,3.41,0.00,1.45,3.30,0.07,0.02
RNA2,401,2.70,0.00,1.35,2.71,0.10,0.02
RNA2,410,4.02,0.00,2.52,3.66,0.06,0.04
RNA2,411,3.17,0.00,1.56,2.79,0.09,0.03
RNA2,420,4.85,0.00,3.60,3.45,0.06,0.06
RNA2,421,3.45,0.00,1.68,2.77,0.10,0.03
RNA2,422,19.48,0.00,10.59,12.66,4e-04,0.18
RNA2,445,6.76,0.00,4.61,5.17,0.02,0.08
RNA2,446,8.71,0.00,3.51,6.43,0.01,0.06
RNA2,463,9.04,0.00,4.22,6.72,0.01,0.07
RNA2,464,5.11,0.00,2.54,4.01,0.05,0.04
RNA2,473,7.24,0.00,3.67,5.09,0.02,0.06
RNA2,496,4.34,0.00,2.64,3.04,0.08,0.09
RNA3,48,2.54,0.00,1.76,3.05,0.08,0.01
RNA3,51,3.71,0.00,2.49,3.61,0.06,0.02
RNA3,121,2.58,0.00,1.97,3.03,0.08,0.01
RNA3,129,2.54,0.00,1.86,2.77,0.10,0.01
RNA3,137,6.89,0.00,5.01,6.05,0.01,0.01
RNA3,146,4.84,0.00,3.27,5.04,0.02,0.01
RNA3,150,3.10,0.00,1.75,3.57,0.06,0.01
RNA3,156,3.10,0.00,1.75,3.34,0.07,0.01
RNA3,157,7.32,0.00,5.41,6.24,0.01,0.01
RNA3,171,5.96,0.00,4.60,5.84,0.02,0.01
RNA3,222,2.40,0.00,1.77,2.81,0.09,0.01
RNA3,231,2.90,0.00,2.02,3.31,0.07,0.01
RNA3,244,4.01,0.00,2.79,4.14,0.04,0.01
RNA3,264,3.43,0.00,2.16,3.70,0.05,0.01
RNA3,270,4.80,0.00,3.92,3.43,0.06,0.02
RNA3,271,10.97,0.00,7.88,7.22,0.01,0.03
RNA3,295,5.63,0.00,3.91,5.32,0.02,0.01
RNA3,298,5.93,0.00,4.21,5.37,0.02,0.01
RNA3,308,3.01,0.00,1.79,3.21,0.07,0.01
RNA3,309,3.12,0.00,2.66,2.71,0.10,0.01
RNA3,311,8.29,0.00,6.16,6.71,0.01,0.02
RNA3,312,5.25,0.00,3.28,6.21,0.01,0.01
RNA3,318,2.53,0.00,1.50,3.12,0.08,0.00
RNA3,320,4.11,0.00,3.10,3.25,0.07,0.01
RNA3,323,3.38,0.00,2.88,2.87,0.09,0.01
RNA3,324,3.05,0.00,2.18,3.55,0.06,0.01
RNA3,330,2.89,0.00,2.02,3.64,0.06,0.01
RNA3,336,3.14,0.00,2.34,3.45,0.06,0.01
RNA3,344,2.33,0.00,1.36,3.29,0.07,0.00
RNA3,346,5.02,0.00,4.02,4.91,0.03,0.01
RNA3,356,2.31,0.00,1.81,2.76,0.10,0.01
RNA3,359,6.11,0.00,4.43,5.74,0.02,0.01
RNA3,366,2.53,0.00,1.50,3.12,0.08,0.00
RNA3,367,2.78,0.00,1.60,3.31,0.07,0.00
RNA3,369,2.94,0.00,2.14,3.72,0.05,0.01
RNA3,371,3.65,0.00,2.17,4.62,0.03,0.01
RNA3,376,5.38,0.00,4.25,5.44,0.02,0.01
RNA3,378,3.73,0.00,2.67,3.82,0.05,0.01
RNA3,379,4.39,0.00,3.52,3.53,0.06,0.01
RNA3,382,3.43,0.00,1.92,3.50,0.06,0.01
RNA3,386,2.76,0.00,1.59,3.30,0.07,0.00
RNA3,387,4.89,0.00,3.42,4.59,0.03,0.01
RNA3,391,3.90,0.00,2.70,3.98,0.05,0.01
RNA3,396,12.39,0.00,9.38,7.51,0.01,0.02
RNA3,413,2.46,0.00,1.75,2.83,0.09,0.01
RNA3,417,10.43,0.00,7.63,8.60,0.00,0.02
RNA3,418,6.66,0.00,4.81,6.22,0.01,0.01
RNA3,429,4.14,0.00,2.56,4.83,0.03,0.01
RNA3,61,25.09,0.00,11.51,2.80,0.09,0.43
RNA3,129,31.26,0.00,17.89,2.99,0.08,0.66
RNA3,271,32.41,0.00,17.76,3.18,0.07,0.66
(1) Synonymous substitution rate at a site,,,,,,,
(2) Non-synonymous substitution rate at a site,,,,,,,
(3) The rate estimate under the neutral model,,,,,,,
"(4) Likelihood ratio test statistic for beta = alpha, versus beta /= alpha",,,,,,,
(5) Asymptotic p-value for evidence of selection,,,,,,,
"(6) The total length of branches contributing to inference at this site, used to scale dN-dS",,,,,,,