partition,codon,alpha,beta,alpha=beta,LRT,p-value,Total branch length,class
1,1,0,0,0,0,1,0,Invariable
1,2,0,0,0,0,1,0,Invariable
1,3,0,0,0,0,1,0,Invariable
1,4,0,0,0,0,1,0,Invariable
1,5,0,0,0,0,1,0,Invariable
1,6,0.641,0,0.369,1.1,0.2943,0.026,Neutral
1,7,2.535,0,1.34,3.526,0.0604,0.107,Purifying
1,8,6.778,0,5.145,5.999,0.0143,0.362,Purifying
1,9,0.875,0,0.432,1.381,0.2399,0.03,Neutral
1,10,2.519,0,1.976,2.68,0.1016,0.139,Neutral
1,11,0,0,0,0,1,0,Invariable
1,12,0,0,0,0,1,0.003,Invariable
1,13,0,0,0,0,1,0,Invariable
1,14,0,0,0,0,1,0.006,Invariable
1,15,2.639,0,1.447,3.254,0.0713,0.102,Purifying
1,16,0.536,0,0.317,1.037,0.3086,0.022,Neutral
1,17,0,0,0,0,1,0,Invariable
1,18,0,0,0,0,1,0,Invariable
1,19,0,0,0,0,1,0,Invariable
1,20,0,0,0,0,1,0,Invariable
1,21,0.568,0,0.349,0.982,0.3216,0.025,Neutral
1,22,1.596,0,0.917,2.122,0.1452,0.064,Neutral
1,23,0,0,0,0,1,0,Invariable
1,24,4.756,0,2.552,6.752,0.0094,0.179,Purifying
1,25,0,0,0,0,1,0,Invariable
1,26,0,0,0,0,1,0,Invariable
1,27,1.97,1.151,1.687,0.212,0.6454,0.122,Neutral
1,28,0,0,0,0,1,0,Invariable
1,29,0,0,0,0,1,0.007,Invariable
1,30,0,0,0,0,1,0,Invariable
1,31,0,1.288,0.38,2.185,0.1393,0.03,Neutral
1,32,0,0,0,0,1,0,Invariable
1,33,0.867,0,0.418,1.443,0.2297,0.029,Neutral
1,34,1.302,0,0.737,2.208,0.1373,0.062,Neutral
1,35,0,0,0,0,1,0.003,Invariable
1,36,0,0,0,0,1,0,Invariable
1,37,0,0,0,0,1,0,Invariable
1,38,0.455,0,0.347,0.539,0.4628,0.024,Neutral
1,39,0.701,0,0.379,1.227,0.268,0.027,Neutral
1,40,0,0,0,0,1,0,Invariable
1,41,0,0,0,0,1,0,Invariable
1,42,1.207,0,0.709,2.108,0.1465,0.05,Neutral
1,43,0,14.166,1.019,5.875,0.0154,0.099,Diversifying
1,44,0,0,0,0,1,0,Invariable
1,45,0,0,0,0,1,0,Invariable
1,46,0,0,0,0,1,0,Invariable
1,47,0.821,0,0.428,1.274,0.2591,0.03,Neutral
1,48,0,0,0,0,1,0,Invariable
1,49,0.744,0,0.406,1.185,0.2762,0.029,Neutral
1,50,0,0,0,0,1,0,Invariable
1,51,0,0,0,0,1,0,Invariable
1,52,0,0,0,0,1,0,Invariable
1,53,1.777,0,1.064,3.082,0.0792,0.075,Purifying
1,54,1.311,0,0.736,2.226,0.1357,0.052,Neutral
1,55,0,0,0,0,1,0,Invariable
1,56,1.273,0,0.732,2.183,0.1395,0.051,Neutral
1,57,4.818,0,2.491,6.76,0.0093,0.175,Purifying
1,58,2.815,0,1.459,4.002,0.0455,0.103,Purifying
1,59,0.867,0,0.432,1.377,0.2406,0.03,Neutral
1,60,2.365,0,1.477,3.769,0.0522,0.107,Purifying
1,61,2.156,2.623,2.3,0.037,0.8482,0.162,Neutral
1,62,1.947,0,1.108,3.283,0.07,0.078,Purifying
1,63,0,0,0,0,1,0,Invariable
1,64,0,0,0,0,1,0,Invariable
1,65,8.479,0,4.079,10.104,0.0015,0.287,Purifying
1,66,0,0,0,0,1,0,Invariable
1,67,0.543,0,0.327,1.001,0.317,0.023,Neutral
1,68,1.152,0,0.665,2.186,0.1393,0.047,Neutral
1,69,0.701,0,0.425,0.999,0.3176,0.03,Neutral
1,70,0.617,1.648,0.889,0.429,0.5124,0.062,Neutral
1,71,0.574,2.172,1.108,1.146,0.2844,0.078,Neutral
1,72,1.217,0,0.739,2.03,0.1542,0.052,Neutral
1,73,0.667,0,0.532,0.904,0.3417,0.037,Neutral
1,74,0,0,0,0,1,0,Invariable
1,75,2.156,0,0.989,3.087,0.0789,0.07,Purifying
1,76,0.594,0,0.358,1.016,0.3135,0.025,Neutral
1,77,0.496,0,0.327,0.825,0.3637,0.023,Neutral
1,78,0.728,1.08,0.862,0.072,0.7887,0.072,Neutral
1,79,4.49,0,2.814,5.411,0.02,0.21,Purifying
1,80,0.724,0,0.408,1.143,0.285,0.029,Neutral
1,81,0.49,0,0.302,0.972,0.3242,0.021,Neutral
1,82,0.506,0,0.307,0.993,0.3191,0.022,Neutral
1,83,1.108,0,0.735,1.629,0.2018,0.052,Neutral
1,84,0.767,0,0.445,1.062,0.3027,0.031,Neutral
1,85,0,0,0,0,1,0,Invariable
1,86,0,0,0,0,1,0,Invariable
1,87,0,0,0,0,1,0,Invariable
1,88,0,0,0,0,1,0,Invariable
1,89,0,0,0,0,1,0,Invariable
1,90,0,0,0,0,1,0,Invariable
1,91,0.629,0,0.377,1.012,0.3144,0.027,Neutral
1,92,1.929,0,0.912,2.988,0.0839,0.064,Purifying
1,93,0,0,0,0,1,0,Invariable
1,94,0.4,0,0.316,0.472,0.4921,0.022,Neutral
1,95,0,0,0,0,1,0,Invariable
1,96,0,1.192,0.342,2.348,0.1254,0.024,Neutral
1,97,3.01,0,1.847,3.855,0.0496,0.13,Purifying
1,98,1.135,0,0.682,2.04,0.1532,0.048,Neutral
1,99,1.883,0,0.91,2.81,0.0937,0.064,Purifying
1,100,1.465,0,0.796,2.427,0.1192,0.069,Neutral
1,101,1.791,0,1.074,3.124,0.0771,0.075,Purifying
1,102,0,0,0,0,1,0.003,Invariable
1,103,0,0,0,0,1,0,Invariable
1,104,0,0,0,0,1,0,Invariable
1,105,1.082,0,0.686,1.821,0.1772,0.048,Neutral
1,106,0.7,0,0.379,1.228,0.2679,0.03,Neutral
1,107,0.623,0,0.359,1.092,0.296,0.025,Neutral
1,108,0,0,0,0,1,0,Invariable
1,109,0,1.035,0.314,2.297,0.1297,0.022,Neutral
1,110,0,0,0,0,1,0,Invariable
1,111,4.451,0,2.373,6.392,0.0115,0.167,Purifying
1,112,0,0,0,0,1,0,Invariable
1,113,0,0,0,0,1,0,Invariable
1,114,0,0,0,0,1,0,Invariable
1,115,0,0.187,0,0.026,0.8715,0.006,Neutral
1,116,0,0,0,0,1,0,Invariable
1,117,0,0,0,0,1,0,Invariable
1,118,0,0,0,0,1,0,Invariable
1,119,5.135,0,2.596,6.865,0.0088,0.183,Purifying
1,120,0,0,0,0,1,0,Invariable
1,121,0,0,0,0,1,0,Invariable
1,122,0,0,0,0,1,0,Invariable
1,123,0,0,0,0,1,0,Invariable
1,124,0,0,0,0,1,0,Invariable
1,125,0,0,0,0,1,0,Invariable
1,126,0,0,0,0,1,0.003,Invariable
1,127,0,0,0,0,1,0,Invariable
1,128,2.462,0,1.473,3.817,0.0507,0.104,Purifying
1,129,1.482,0.806,1.195,0.219,0.64,0.09,Neutral
1,130,2.116,0,1.558,2.342,0.1259,0.11,Neutral
1,131,0,0,0,0,1,0,Invariable
1,132,0,0,0,0,1,0,Invariable
1,133,1.165,0,0.685,2.073,0.1499,0.048,Neutral
1,134,0,0,0,0,1,0,Invariable
1,135,0,0,0,0,1,0.021,Invariable
1,136,0,0,0,0,1,0,Invariable
1,137,0.568,0,0.343,1.003,0.3167,0.024,Neutral
1,138,1.167,0,0.693,2.052,0.152,0.049,Neutral
1,139,0,0,0,0,1,0,Invariable
1,140,2.672,0,1.386,4.199,0.0404,0.097,Purifying
1,141,3.552,0,1.993,5.5,0.019,0.14,Purifying
1,142,0,0,0,0,1,0,Invariable
1,143,0,0,0,0,1,0,Invariable
1,144,0,0,0,0,1,0,Invariable
1,145,0,0,0,0,1,0,Invariable
1,146,3.022,0,1.792,5.007,0.0252,0.126,Purifying
1,147,2.1,0,1.303,2.831,0.0925,0.092,Purifying
1,148,3.56,0,1.484,5.561,0.0184,0.107,Purifying
1,149,2.24,0,1.224,3.587,0.0582,0.086,Purifying
1,150,46.093,0,0,6.171,0.013,0.007,Purifying
1,151,0.795,0,0.457,1.096,0.2951,0.032,Neutral
1,152,0,0,0,0,1,0,Invariable
1,153,0,0,0,0,1,0,Invariable
1,154,1.35,1.483,1.38,0.006,0.9388,0.097,Neutral
1,155,0,0,0,0,1,0,Invariable
1,156,0,0,0,0,1,0,Invariable
1,157,0,0,0,0,1,0,Invariable
1,158,0,0,0,0,1,0,Invariable
1,159,0.556,0,0.343,0.963,0.3265,0.024,Neutral
1,160,0,0,0,0,1,0,Invariable
1,161,2.835,0,1.341,4.08,0.0434,0.097,Purifying
1,162,2.149,0,1.211,3.397,0.0653,0.085,Purifying
1,163,0,0.999,0.339,2.067,0.1506,0.024,Neutral
1,164,0,0,0,0,1,0.004,Invariable
1,165,0,0,0,0,1,0,Invariable
1,166,0,0,0,0,1,0,Invariable
1,167,0.601,0,0.354,1.047,0.3063,0.025,Neutral
1,168,0,0,0,0,1,0,Invariable
1,169,0,0,0,0,1,0,Invariable
1,170,2.045,0,1.262,2.755,0.0969,0.089,Purifying
1,171,0,0,0,0,1,0,Invariable
1,172,0.832,0,0.407,1.396,0.2374,0.032,Neutral
1,173,0,0,0,0,1,0,Invariable
1,174,1.139,0,0.706,1.925,0.1653,0.05,Neutral
1,175,0,0,0,0,1,0,Invariable
1,176,2.057,0,1.145,3.341,0.0676,0.08,Purifying
1,177,0,0,0,0,1,0.003,Invariable
1,178,0,0,0,0,1,0.004,Invariable
1,179,0,0,0,0,1,0,Invariable
1,180,2.871,0,1.862,4.535,0.0332,0.131,Purifying
1,181,0,0,0,0,1,0,Invariable
1,182,1.642,0,1.011,2.931,0.0869,0.071,Purifying
1,183,0.39,0,0.312,0.44,0.5071,0.022,Neutral
1,184,0,0,0,0,1,0,Invariable
1,185,0.754,0,0.389,1.309,0.2525,0.027,Neutral
1,186,3.232,0,1.407,4.466,0.0346,0.099,Purifying
1,187,0.545,0,0.328,1.006,0.316,0.023,Neutral
1,188,1.769,0,1.043,3.07,0.0798,0.073,Purifying
1,189,0,0,0,0,1,0,Invariable
1,190,0.551,0,0.33,1.012,0.3144,0.023,Neutral
1,191,0.818,0,0.391,1.465,0.2262,0.027,Neutral
1,192,0,0,0,0,1,0,Invariable
1,193,0.613,0,0.356,1.064,0.3023,0.025,Neutral
1,194,0,0,0,0,1,0,Invariable
1,195,0,0,0,0,1,0,Invariable
1,196,0,0,0,0,1,0,Invariable
1,197,0,0,0,0,1,0,Invariable
1,198,0,0,0,0,1,0,Invariable
1,199,0,0,0,0,1,0,Invariable
1,200,0,0,0,0,1,0,Invariable
1,201,0,0,0,0,1,0,Invariable
1,202,1.219,0,0.739,2.032,0.154,0.052,Neutral
1,203,0,0,0,0,1,0,Invariable
1,204,0,0,0,0,1,0,Invariable
1,205,0.598,0,0.361,1.022,0.3119,0.025,Neutral
1,206,0,0,0,0,1,0,Invariable
1,207,0,0,0,0,1,0,Invariable
1,208,0,0,0,0,1,0,Invariable
1,209,0.984,0,0.622,1.796,0.1802,0.044,Neutral
1,210,4.165,0,2.522,5.642,0.0175,0.177,Purifying
1,211,1.231,0,0.79,1.777,0.1826,0.056,Neutral
1,212,5.384,0,3.055,7.14,0.0075,0.215,Purifying
1,213,1.931,0,1.158,3.091,0.0787,0.081,Purifying
1,214,2.666,0,1.3,4.008,0.0453,0.091,Purifying
1,215,1.744,0,1.032,3.033,0.0816,0.073,Purifying
1,216,0,0,0,0,1,0,Invariable
1,217,0.542,0,0.327,1.002,0.3168,0.023,Neutral
1,218,3.037,0,2.023,3.74,0.0531,0.142,Purifying
1,219,4.388,0,2.366,5.878,0.0153,0.166,Purifying
1,220,0,0,0,0,1,0,Invariable
1,221,0,0,0,0,1,0,Invariable
1,222,0.452,0,0.295,0.854,0.3554,0.021,Neutral
1,223,0,0,0,0,1,0,Invariable
1,224,2.458,0,1.498,3.955,0.0467,0.105,Purifying
1,225,2.644,0,1.876,2.86,0.0908,0.147,Purifying
1,226,0,0,0,0,1,0,Invariable
1,227,3.954,0,3.052,4.01,0.0452,0.215,Purifying
1,228,0.862,0,0.431,1.374,0.2411,0.03,Neutral
1,229,0.771,0,0.41,1.257,0.2622,0.029,Neutral
1,230,1.378,0,0.934,1.51,0.2191,0.066,Neutral
1,231,6.628,0,2.787,7.292,0.0069,0.204,Purifying
1,232,0.561,0,0.342,0.995,0.3185,0.024,Neutral
1,233,2.28,0,1.345,4.186,0.0408,0.095,Purifying
1,234,1.278,3.516,1.831,0.674,0.4115,0.139,Neutral
1,235,7.378,0,4.589,9.216,0.0024,0.323,Purifying
1,236,1.669,0,1.025,2.965,0.0851,0.072,Purifying
1,237,0.508,0,0.314,0.953,0.3291,0.022,Neutral
1,238,0.744,0,0.439,1.043,0.3071,0.031,Neutral
1,239,0,0,0,0,1,0,Invariable
1,240,0,0,0,0,1,0,Invariable
1,241,3.088,0,1.699,4.507,0.0338,0.119,Purifying
1,242,0,0,0,0,1,0,Invariable
1,243,0,0,0,0,1,0,Invariable
1,244,0,0,0,0,1,0,Invariable
1,245,1.875,0,1.056,3.341,0.0676,0.074,Purifying
1,246,1.896,0,1.074,3.335,0.0678,0.075,Purifying
1,247,0,0,0,0,1,0,Invariable
1,248,0.62,0,0.364,1.062,0.3027,0.026,Neutral
1,249,0,0,0,0,1,0,Invariable
1,250,1.015,0,0.752,1.18,0.2774,0.053,Neutral
1,251,0.559,0,0.336,1.014,0.3139,0.024,Neutral
1,252,0,0,0,0,1,0,Invariable
1,253,0,0,0,0,1,0,Invariable
1,254,1.933,0,1.13,3.048,0.0808,0.079,Purifying
1,255,1.848,0,0.902,2.773,0.0959,0.063,Purifying
1,256,0,0,0,0,1,0.003,Invariable
1,257,1.858,0,1.083,3.197,0.0738,0.076,Purifying
1,258,3.221,0,1.615,4.494,0.034,0.114,Purifying
1,259,2.206,0,1.317,2.902,0.0885,0.093,Purifying
1,260,1.736,0,1.233,2.16,0.1417,0.094,Neutral
1,261,1.687,0,0.854,2.758,0.0968,0.06,Purifying
1,262,0,0,0,0,1,0,Invariable
1,263,0,0,0,0,1,0,Invariable
1,264,0,0,0,0,1,0,Invariable
1,265,3.039,0,1.531,4.289,0.0384,0.108,Purifying
1,266,1.5,0,0.84,2.335,0.1265,0.059,Neutral
1,267,0,0,0,0,1,0,Invariable
1,268,1.716,0,0.89,2.555,0.11,0.063,Neutral
1,269,0,0,0,0,1,0,Invariable
1,270,0.667,0,0.372,1.164,0.2806,0.026,Neutral
1,271,5.237,0,2.886,5.728,0.0167,0.203,Purifying
1,272,0.587,0,0.343,1.062,0.3027,0.024,Neutral
1,273,4.064,0,2.411,6.342,0.0118,0.17,Purifying
1,274,1.612,0,0.846,2.442,0.1182,0.06,Neutral
1,275,1.317,0,0.747,2.286,0.1306,0.053,Neutral
1,276,0.734,0,0.353,1.435,0.2309,0.025,Neutral
1,277,0,0,0,0,1,0,Invariable
1,278,0.587,0,0.356,1.007,0.3157,0.025,Neutral
1,279,1.072,0,0.656,1.919,0.166,0.046,Neutral
1,280,0.553,0,0.365,0.829,0.3624,0.026,Neutral
1,281,0,0,0,0,1,0,Invariable
1,282,1.513,0,1.235,1.638,0.2006,0.087,Neutral
1,283,0.479,0,0.31,0.876,0.3492,0.022,Neutral
1,284,0.574,0,0.331,1.096,0.2952,0.023,Neutral
1,285,1.637,0,0.862,2.563,0.1094,0.061,Neutral
1,286,5.213,0,2.382,6.904,0.0086,0.167,Purifying
1,287,1.183,0,0.728,1.882,0.1701,0.051,Neutral
1,288,3.243,0,1.618,4.497,0.0339,0.114,Purifying
1,289,3.178,0,1.792,4.844,0.0277,0.126,Purifying
1,290,1.882,0,1.145,2.922,0.0874,0.091,Purifying
1,291,0,0,0,0,1,0,Invariable
1,292,0.754,0,0.389,1.309,0.2525,0.027,Neutral
1,293,0,0,0,0,1,0,Invariable
1,294,4.522,0,2.24,5.645,0.0175,0.157,Purifying
1,295,1.235,0,0.788,1.76,0.1846,0.06,Neutral
1,296,6.039,0,4.388,6.305,0.012,0.318,Purifying
1,297,1.679,0,0.858,2.739,0.0979,0.064,Purifying
1,298,3.267,0,2.604,3.23,0.0723,0.183,Purifying
1,299,0,0,0,0,1,0.016,Invariable
1,300,0,0,0,0,1,0,Invariable
1,301,2.646,0,1.52,4.728,0.0297,0.107,Purifying
1,302,0,0,0,0,1,0,Invariable
1,303,0,0,0,0,1,0,Invariable
1,304,4.575,0,2.575,4.491,0.0341,0.186,Purifying
1,305,0,0,0,0,1,0.004,Invariable
1,306,0.536,0,0.342,0.892,0.3449,0.024,Neutral
1,307,0,0,0,0,1,0,Invariable
1,308,0,0,0,0,1,0,Invariable
1,309,0,0,0,0,1,0,Invariable
1,310,0,0,0,0,1,0,Invariable
1,311,4.774,1.008,3.088,2.007,0.1566,0.217,Neutral
1,312,5.626,0,3.076,6.034,0.014,0.216,Purifying
1,313,5.19,0,2.372,6.111,0.0134,0.167,Purifying
1,314,8.934,0,5.842,10.909,0.001,0.411,Purifying
1,315,3.923,0,2.081,5.598,0.018,0.146,Purifying
1,316,1.102,0,0.667,1.99,0.1583,0.047,Neutral
1,317,0.523,0,0.324,0.96,0.3271,0.023,Neutral
1,318,0.574,0,0.347,1.011,0.3146,0.024,Neutral
1,319,3.675,0,2.155,6.35,0.0117,0.152,Purifying
1,320,2.157,0,1.202,3.542,0.0598,0.084,Purifying
1,321,0.534,0,0.355,0.822,0.3646,0.025,Neutral
1,322,0.763,0,0.39,1.317,0.2511,0.027,Neutral
1,323,0.454,0,0.284,0.928,0.3354,0.02,Neutral
1,324,0,0,0,0,1,0,Invariable
1,325,0.619,0,0.336,1.215,0.2704,0.024,Neutral
1,326,3.423,0,2.028,5.095,0.024,0.143,Purifying
1,327,1.73,0,1.025,3.087,0.0789,0.072,Purifying
1,328,0.705,0,0.399,1.139,0.2858,0.028,Neutral
1,329,1.6,0,1.166,1.799,0.1798,0.082,Neutral
1,330,0,0,0,0,1,0,Invariable
1,331,0,0,0,0,1,0,Invariable
1,332,0,0,0,0,1,0,Invariable
1,333,0,0,0,0,1,0,Invariable
1,334,1.027,0,0.668,1.685,0.1943,0.047,Neutral
1,335,1.124,0,0.654,2.154,0.1422,0.046,Neutral
1,336,0,0,0,0,1,0,Invariable
1,337,0,0,0,0,1,0,Invariable
1,338,2.997,0,1.654,4.289,0.0384,0.116,Purifying
1,339,1.065,0,0.654,1.941,0.1636,0.046,Neutral
1,340,0.536,0,0.328,0.983,0.3216,0.023,Neutral
1,341,4.282,0,2.447,6.202,0.0128,0.172,Purifying
1,342,0.537,0,0.332,0.956,0.3282,0.023,Neutral
1,343,0,0,0,0,1,0,Invariable
1,344,0,0,0,0,1,0,Invariable
1,345,0,0,0,0,1,0,Invariable
1,346,0.576,0,0.35,0.988,0.3201,0.025,Neutral
1,347,1.27,0,0.73,2.206,0.1374,0.051,Neutral
1,348,0.629,0,0.377,1.012,0.3144,0.027,Neutral
1,349,1.268,0,0.743,2.133,0.1441,0.052,Neutral
1,350,0,0,0,0,1,0,Invariable
1,351,0,0,0,0,1,0,Invariable
1,352,0.481,0,0.336,0.714,0.398,0.024,Neutral
1,353,1.397,0,0.856,1.938,0.1639,0.06,Neutral
1,354,2.031,0,0.875,3.379,0.0661,0.061,Purifying
1,355,0,0,0,0,1,0,Invariable
1,356,0,0,0,0,1,0,Invariable
1,357,0,0,0,0,1,0,Invariable
1,358,0,0,0,0,1,0,Invariable
1,359,0,0,0,0,1,0,Invariable
1,360,0,0,0,0,1,0,Invariable
1,361,0,0,0,0,1,0,Invariable
1,362,0,0,0,0,1,0,Invariable
1,363,1.208,0,0.702,2.128,0.1446,0.049,Neutral
1,364,1.215,0,1.027,1.342,0.2466,0.072,Neutral
1,365,0,0,0,0,1,0,Invariable
1,366,0,0,0,0,1,0,Invariable
1,367,1.775,0,1.386,1.933,0.1644,0.097,Neutral
1,368,1.295,0,0.817,1.833,0.1757,0.057,Neutral
1,369,0.739,0,0.406,1.186,0.276,0.029,Neutral
1,370,0.575,0,0.333,1.095,0.2954,0.023,Neutral
1,371,0,0,0,0,1,0,Invariable
1,372,0,0,0,0,1,0,Invariable
1,373,0.528,0,0.323,0.987,0.3206,0.023,Neutral
1,374,0,0,0,0,1,0,Invariable
1,375,0,0,0,0,1,0,Invariable
1,376,0,0,0,0,1,0,Invariable
1,377,0,0,0,0,1,0,Invariable
1,378,0,0,0,0,1,0,Invariable
1,379,0,0,0,0,1,0,Invariable
1,380,0,0,0,0,1,0,Invariable
1,381,0,0,0,0,1,0,Invariable
1,382,0,0,0,0,1,0,Invariable
1,383,0,0,0,0,1,0,Invariable
1,384,0,0,0,0,1,0,Invariable
1,385,0,0,0,0,1,0,Invariable
1,386,0.746,0.741,0.743,0,1,0.061,Neutral
1,387,0,0,0,0,1,0,Invariable
1,388,1.056,0,0.863,1.171,0.2792,0.061,Neutral
1,389,1.175,0,0.697,2.054,0.1518,0.049,Neutral
1,390,3.998,0,2.3,6.195,0.0128,0.162,Purifying
1,391,0.528,0,0.322,0.981,0.3219,0.023,Neutral
1,392,0,0,0,0,1,0,Invariable
1,393,0,0,0,0,1,0,Invariable
1,394,3.937,0,2.228,4.671,0.0307,0.157,Purifying
1,395,2.743,0,1.463,3.32,0.0685,0.103,Purifying
1,396,4.272,0,2.045,5.558,0.0184,0.144,Purifying
1,397,0.517,0,0.308,1.027,0.3108,0.022,Neutral
1,398,0,0,0,0,1,0,Invariable
1,399,0,0,0,0,1,0,Invariable
1,400,4.196,0,2.048,6.036,0.014,0.144,Purifying
1,401,0.744,0,0.386,1.293,0.2554,0.027,Neutral
1,402,1.234,0.999,1.149,0.026,0.8707,0.081,Neutral
1,403,0.774,0,0.516,0.536,0.4642,0.052,Neutral
1,404,3.371,0,1.573,4.535,0.0332,0.111,Purifying
1,405,0,0,0,0,1,0,Invariable
1,406,0,0,0,0,1,0,Invariable
1,407,0,0,0,0,1,0,Invariable
1,408,4.825,0,2.585,6.849,0.0089,0.182,Purifying
1,409,0,0,0,0,1,0,Invariable
1,410,2.583,0,1.624,3.773,0.0521,0.114,Purifying
1,411,2.175,0,1.281,3.416,0.0646,0.09,Purifying
1,412,0,2.178,0.61,3.013,0.0826,0.048,Diversifying
1,413,1.487,0,0.794,2.497,0.114,0.056,Neutral
1,414,0,0,0,0,1,0,Invariable
1,415,0.765,0,0.394,1.296,0.2549,0.028,Neutral
1,416,4.583,0,1.996,5.655,0.0174,0.14,Purifying
1,417,1.942,0,1.561,2.135,0.144,0.11,Neutral
1,418,2.483,0,1.444,4.379,0.0364,0.101,Purifying
1,419,0.742,0,0.438,1.04,0.3078,0.031,Neutral
1,420,4.636,0,2.727,5.359,0.0206,0.196,Purifying
1,421,2.186,0,1.213,3.56,0.0592,0.085,Purifying
1,422,0,0,0,0,1,0,Invariable
1,423,0.821,0,0.409,1.363,0.243,0.029,Neutral
1,424,2.775,0,1.567,4.853,0.0276,0.11,Purifying
1,425,0,0,0,0,1,0,Invariable
1,426,1.191,0,0.695,2.072,0.15,0.049,Neutral
1,427,2.042,0,1.187,3.056,0.0804,0.083,Purifying
1,428,0,0,0,0,1,0,Invariable
1,429,0,0,0,0,1,0,Invariable
1,430,3.456,0,2.022,5.488,0.0191,0.142,Purifying
1,431,2.73,0,1.614,3.916,0.0478,0.113,Purifying
1,432,0,0,0,0,1,0,Invariable
1,433,0.667,0,0.554,0.745,0.388,0.039,Neutral
1,434,0,0,0,0,1,0,Invariable
1,435,3.045,0,1.585,4.628,0.0315,0.111,Purifying
1,436,0.537,0,0.344,0.89,0.3454,0.024,Neutral
1,437,1.109,0,0.723,0.311,0.5768,0.051,Neutral
1,438,5.33,0,3.369,7.5,0.0062,0.237,Purifying
1,439,0,0,0,0,1,0,Invariable
1,440,0.925,0,0.6,1.718,0.19,0.042,Neutral
1,441,3.613,0,2.243,3.72,0.0538,0.158,Purifying
1,442,2.843,0,1.513,3.432,0.0639,0.106,Purifying
1,443,0,0,0,0,1,0,Invariable
1,444,2.479,1.177,1.967,0.399,0.5275,0.138,Neutral
1,445,0,0,0,0,1,0,Invariable
1,446,1.588,0,0.801,2.623,0.1053,0.056,Neutral
1,447,0,0,0,0,1,0,Invariable
1,448,2.054,0,1.124,3.557,0.0593,0.079,Purifying
1,449,8.793,0,5.35,8.372,0.0038,0.376,Purifying
1,450,0,0,0,0,1,0,Invariable
1,451,0.289,0,0.245,0.332,0.5645,0.017,Neutral
1,452,0,0,0,0,1,0,Invariable
1,453,2.203,0,1.522,2.992,0.0837,0.107,Purifying
1,454,2.552,0,1.464,4.189,0.0407,0.103,Purifying
1,455,0,0,0,0,1,0.002,Invariable
1,456,3.966,0,2.309,6.662,0.0098,0.162,Purifying
1,457,0.533,0,0.324,0.987,0.3205,0.023,Neutral
1,458,1.406,0,1.073,1.612,0.2043,0.075,Neutral
1,459,0,0,0,0,1,0,Invariable
1,460,0.563,0,0.335,1.034,0.3093,0.024,Neutral
1,461,1.843,0,1.076,3.176,0.0747,0.076,Purifying
1,462,0.946,0,0.587,1.887,0.1695,0.041,Neutral
1,463,2.101,0,1.091,3.636,0.0565,0.077,Purifying
1,464,1.27,0,0.731,2.207,0.1374,0.051,Neutral
1,465,0.539,0,0.329,0.986,0.3208,0.023,Neutral
1,466,0,0,0,0,1,0,Invariable
1,467,0,0,0,0,1,0,Invariable
1,468,0.856,0,0.425,1.371,0.2417,0.03,Neutral
1,469,3.491,0,1.636,4.648,0.0311,0.115,Purifying
1,470,2.411,0,1.867,2.714,0.0994,0.131,Purifying
1,471,3.325,0,1.756,4.897,0.0269,0.123,Purifying
1,472,0,0,0,0,1,0,Invariable
1,473,0,0,0,0,1,0,Invariable
1,474,0,0,0,0,1,0,Invariable
1,475,3.737,0,2.952,3.693,0.0546,0.208,Purifying
1,476,1.263,0,0.805,1.801,0.1795,0.057,Neutral
1,477,1.579,0,1.008,2.652,0.1034,0.071,Neutral
1,478,0.612,0,0.34,1.172,0.2789,0.027,Neutral
1,479,1.961,0,1.104,3.294,0.0695,0.078,Purifying
1,480,2.039,0,1.196,3.123,0.0772,0.087,Purifying
1,481,4.765,0,2.436,6.606,0.0102,0.171,Purifying
1,482,0,0,0,0,1,0.009,Invariable
1,483,0,0,0,0,1,0,Invariable
1,484,3.208,0,1.997,4.88,0.0272,0.14,Purifying
1,485,0.774,0,0.393,1.327,0.2493,0.031,Neutral
1,486,0,0,0,0,1,0,Invariable
1,487,1.719,0,0.869,2.737,0.0981,0.061,Purifying
1,488,12.615,0,7.162,12.146,0.0005,0.504,Purifying
1,489,0.534,0,0.326,0.994,0.3187,0.023,Neutral
1,490,0.749,0,0.39,1.278,0.2583,0.027,Neutral
1,491,0.609,0.951,0.74,0.091,0.7634,0.055,Neutral
1,492,2.528,0,1.939,2.717,0.0993,0.136,Purifying
1,493,0,0,0,0,1,0,Invariable
1,494,5.179,0,3.064,7.497,0.0062,0.215,Purifying
1,495,5.009,1.216,3.508,1.617,0.2035,0.25,Neutral
1,496,0,0,0,0,1,0,Invariable
1,497,1.181,1.442,1.255,0.023,0.8789,0.088,Neutral
1,498,0.721,0,0.384,1.258,0.262,0.027,Neutral
1,499,0,0,0,0,1,0,Invariable
1,500,0,0,0,0,1,0,Invariable
1,501,1.485,0,0.807,1.019,0.3127,0.057,Neutral
1,502,0.613,0,0.356,1.078,0.2991,0.025,Neutral
1,503,3.174,0,1.881,5.182,0.0228,0.132,Purifying
1,504,4.073,0,2.475,4.915,0.0266,0.174,Purifying
1,505,0.821,0,0.413,1.39,0.2385,0.029,Neutral
1,506,0,0,0,0,1,0,Invariable
1,507,1.786,0,1.01,3.274,0.0704,0.071,Purifying
1,508,0.491,0,0.318,0.874,0.3497,0.022,Neutral
1,509,0.701,0,0.379,1.228,0.2678,0.027,Neutral
1,510,4.231,0,2.466,6.654,0.0099,0.173,Purifying
1,511,1.678,0,1.045,1.94,0.1637,0.077,Neutral
1,512,3.223,0,1.514,4.649,0.0311,0.106,Purifying
1,513,0,0,0,0,1,0,Invariable
1,514,2.803,0,1.465,4.016,0.0451,0.103,Purifying
1,515,1.087,0,0.668,1.953,0.1623,0.047,Neutral
1,516,0.786,0,0.622,0.934,0.3339,0.044,Neutral
1,517,0,0,0,0,1,0,Invariable
1,518,0.821,0,0.436,1.277,0.2584,0.031,Neutral
1,519,1.922,0,0.478,2.694,0.1007,0.036,Neutral
1,520,2.646,0,1.66,3.481,0.0621,0.117,Purifying
1,521,4.978,0,2.374,5.231,0.0222,0.167,Purifying
1,522,3.655,0,1.553,4.986,0.0255,0.109,Purifying
1,523,1.386,0,0.854,1.93,0.1648,0.06,Neutral
1,524,0.566,0,0.357,0.915,0.3389,0.025,Neutral
1,525,0,0,0,0,1,0,Invariable
1,526,1.771,0,1.061,3.072,0.0796,0.075,Purifying
1,527,0,0,0,0,1,0.004,Invariable
1,528,1.522,0,0.748,2.906,0.0883,0.053,Purifying
1,529,1.939,0,0.88,2.983,0.0842,0.062,Purifying
1,530,0,0,0,0,1,0,Invariable
1,531,2.562,0,1.475,4.21,0.0402,0.107,Purifying
1,532,0,0,0,0,1,0,Invariable
1,533,2.141,0,1.708,2.307,0.1288,0.12,Neutral
1,534,2.803,2.831,2.81,0,0.994,0.198,Neutral
1,535,0,0,0,0,1,0,Invariable
1,536,0,0,0,0,1,0,Invariable
1,537,0,0,0,0,1,0,Invariable
1,538,0,1.195,0.392,2.125,0.1449,0.028,Neutral
1,539,0,0,0,0,1,0.006,Invariable
1,540,3.271,0,1.993,4.911,0.0267,0.14,Purifying