500-M-71-2	500-M-71-2.filt.sam	PQ625073	20527	111	0.995
500-M-71-2	500-M-71-2.filt.sam	PQ624970	57504	414	0.993
500-M-71-2	500-M-71-2.filt.sam	PQ625163	46038	264	0.994
500-M-71-2	500-M-71-2.filt.sam	PQ624861	27031	112	0.996
Penn-F-9	Penn-F-9.filt.sam	PQ625146	78892	489	0.994
Penn-F-9	Penn-F-9.filt.sam	PQ624943	94201	340	0.996
Penn-F-9	Penn-F-9.filt.sam	PQ625206	365823	1090	0.997
Penn-F-9	Penn-F-9.filt.sam	PQ625048	158712	860	0.995
500-M-54	500-M-54.filt.sam	PQ624963	6089	110	0.982
500-M-54	500-M-54.filt.sam	PQ624853	4735	71	0.985
500-M-54	500-M-54.filt.sam	PQ625066	4861	194	0.962
500-M-F10	500-M-F10.filt.sam	PQ624864	7562	93	0.988
500-M-F10	500-M-F10.filt.sam	PQ624973	12235	187	0.985
500-M-F10	500-M-F10.filt.sam	PQ625076	8018	250	0.970
500-M-F10	500-M-F10.filt.sam	PQ625165	5665	90	0.984
1428-M-6	1428-M-6.filt.sam	PQ624893	233	1	0.996
500-M-F11	500-M-F11.filt.sam	PQ624974	1176	38	0.969
500-M-F11	500-M-F11.filt.sam	PQ625077	224	8	0.966
500-M-F11	500-M-F11.filt.sam	PQ624865	1493	28	0.982
Adobe-B8	Adobe-B8.filt.sam	PQ625179	167449	358	0.998
Adobe-B8	Adobe-B8.filt.sam	PQ625003	252144	596	0.998
Adobe-B8	Adobe-B8.filt.sam	PQ624898	204041	374	0.998
Adobe-B8	Adobe-B8.filt.sam	PQ625106	97599	180	0.998
1020-M-0818-A5	1020-M-0818-A5.filt.sam	PQ625174	94670	491	0.995
1020-M-0818-A5	1020-M-0818-A5.filt.sam	PQ625095	58653	297	0.995
1020-M-0818-A5	1020-M-0818-A5.filt.sam	PQ624992	185149	1226	0.993
1020-M-0818-A5	1020-M-0818-A5.filt.sam	PQ624885	130687	623	0.995
Penn-M-14	Penn-M-14.filt.sam	PQ625054	692	2	0.997
Penn-M-14	Penn-M-14.filt.sam	PQ625213	182		1.000
Penn-M-14	Penn-M-14.filt.sam	PQ625151	266		1.000
Penn-M-14	Penn-M-14.filt.sam	PQ624950	325		1.000
1020-F-0818-D11	1020-F-0818-D11.filt.sam	PQ625091	177	8	0.957
1020-F-0818-D11	1020-F-0818-D11.filt.sam	PQ624881	1567	8	0.995
1020-F-0818-D11	1020-F-0818-D11.filt.sam	PQ624988	831	22	0.974
500-F-11	500-F-11.filt.sam	PQ625060	3732	88	0.977
500-F-11	500-F-11.filt.sam	PQ625155	2091	34	0.984
500-F-11	500-F-11.filt.sam	PQ624846	4466	31	0.993
500-F-11	500-F-11.filt.sam	PQ624956	4283	33	0.992
500-F-67	500-F-67.filt.sam	PQ625063	2945	129	0.958
500-F-67	500-F-67.filt.sam	PQ624960	3851	58	0.985
500-F-67	500-F-67.filt.sam	PQ624850	4027	36	0.991
ME-M-6	ME-M-6.filt.sam	PQ625022	5314	246	0.956
ME-M-6	ME-M-6.filt.sam	PQ624917	18210	245	0.987
ME-M-6	ME-M-6.filt.sam	PQ625123	1150	95	0.924
500-M-G2	500-M-G2.filt.sam	PQ625078	106	15	0.876
500-M-G2	500-M-G2.filt.sam	PQ624975	432	18	0.960
500-M-G2	500-M-G2.filt.sam	PQ624866	1457	19	0.987
1428-F-8	1428-F-8.filt.sam	PQ625098	1889	88	0.955
1428-F-8	1428-F-8.filt.sam	PQ625176	844	33	0.962
1428-F-8	1428-F-8.filt.sam	PQ624995	2951	29	0.990
1428-F-8	1428-F-8.filt.sam	PQ624888	2143	22	0.990
1020-F6	1020-F6.filt.sam	PQ624982	1462	68	0.956
1020-F6	1020-F6.filt.sam	PQ625169	691	61	0.919
1020-F6	1020-F6.filt.sam	PQ624874	1097	56	0.951
1020-F6	1020-F6.filt.sam	PQ625085	684	104	0.868
CVID-0825-C10	CVID-0825-C10.filt.sam	PQ625007	4490	63	0.986
CVID-0825-C10	CVID-0825-C10.filt.sam	PQ624902	3943	67	0.983
CVID-0825-C10	CVID-0825-C10.filt.sam	PQ625110	3354	251	0.930
1428-F-21	1428-F-21.filt.sam	PQ625099	527	33	0.941
1428-F-21	1428-F-21.filt.sam	PQ624889	4905	36	0.993
1428-F-21	1428-F-21.filt.sam	PQ624996	2989	65	0.979
1020-F-40	1020-F-40.filt.sam	PQ624877	691	9	0.987
1020-F-40	1020-F-40.filt.sam	PQ625088	665	7	0.990
1020-F-40	1020-F-40.filt.sam	PQ624985	2256	21	0.991
1020-F-40	1020-F-40.filt.sam	PQ624878	578	7	0.988
1020-F-40	1020-F-40.filt.sam	PQ625171	1271	22	0.983
Peach-10-F10	Peach-10-F10.filt.sam	PQ625039	5666	133	0.977
Peach-10-F10	Peach-10-F10.filt.sam	PQ625140	5330	194	0.965
Peach-10-F10	Peach-10-F10.filt.sam	PQ624935	4242	81	0.981
500-F-21	500-F-21.filt.sam	PQ624847	884	10	0.989
500-F-21	500-F-21.filt.sam	PQ624957	142	10	0.934
500-F-21	500-F-21.filt.sam	PQ625061	98		1.000
500-F-21	500-F-21.filt.sam	PQ624958	257	13	0.952
Myrtle-D11	Myrtle-D11.filt.sam	PQ625135	480	38	0.927
Myrtle-D11	Myrtle-D11.filt.sam	PQ624930	6135	24	0.996
Myrtle-D11	Myrtle-D11.filt.sam	PQ625034	4236	48	0.989
Penn-F-6	Penn-F-6.filt.sam	PQ625205	60	2	0.968
Penn-F-6	Penn-F-6.filt.sam	PQ625046	126		1.000
1428-M-4	1428-M-4.filt.sam	PQ624998	7150	99	0.986
1428-M-4	1428-M-4.filt.sam	PQ625177	2932	113	0.963
1428-M-4	1428-M-4.filt.sam	PQ624892	6018	106	0.983
1428-M-4	1428-M-4.filt.sam	PQ625101	4875	402	0.924
1020-M-8	1020-M-8.filt.sam	PQ624990	1971	23	0.988
1020-M-8	1020-M-8.filt.sam	PQ624883	2239	13	0.994
1020-M-8	1020-M-8.filt.sam	PQ625093	215	15	0.935
Adobe-B4	Adobe-B4.filt.sam	PQ625001	1344	65	0.954
Adobe-B4	Adobe-B4.filt.sam	PQ625104	451	57	0.888
Adobe-B4	Adobe-B4.filt.sam	PQ624896	4981	63	0.988
500-M-83	500-M-83.filt.sam	PQ624971	12011	203	0.983
500-M-83	500-M-83.filt.sam	PQ624862	10146	141	0.986
500-M-83	500-M-83.filt.sam	PQ625074	9432	467	0.953
Penn-M-11	Penn-M-11.filt.sam	PQ625212	168		1.000
Penn-M-11	Penn-M-11.filt.sam	PQ625053	168		1.000
Penn-M-11	Penn-M-11.filt.sam	PQ624949	106		1.000
Adobe-B6	Adobe-B6.filt.sam	PQ624897	4367	140	0.969
Adobe-B6	Adobe-B6.filt.sam	PQ625105	787	95	0.892
Adobe-B6	Adobe-B6.filt.sam	PQ625002	1920	133	0.935
ME-M-20	ME-M-20.filt.sam	PQ625032	10127	504	0.953
ME-M-20	ME-M-20.filt.sam	PQ625133	1482	454	0.765
ME-M-20	ME-M-20.filt.sam	PQ624928	29796	508	0.983
500-M-57	500-M-57.filt.sam	PQ624964	10125	234	0.977
500-M-57	500-M-57.filt.sam	PQ625158	4782	146	0.970
500-M-57	500-M-57.filt.sam	PQ624854	6738	110	0.984
500-M-57	500-M-57.filt.sam	PQ625067	6805	335	0.953
ME-F-3	ME-F-3.filt.sam	PQ624912	14851	277	0.982
ME-F-3	ME-F-3.filt.sam	PQ625190	6680	243	0.965
ME-F-3	ME-F-3.filt.sam	PQ625017	8524	244	0.972
ME-F-3	ME-F-3.filt.sam	PQ625119	6712	565	0.922
1020-B6	1020-B6.filt.sam	PQ625080	5453	348	0.940
1020-B6	1020-B6.filt.sam	PQ624977	15308	186	0.988
1020-B6	1020-B6.filt.sam	PQ624869	11924	157	0.987
1020-B6	1020-B6.filt.sam	PQ625167	4756	105	0.978
1020-F-0818-D4	1020-F-0818-D4.filt.sam	PQ624880	3570	31	0.991
1020-F-0818-D4	1020-F-0818-D4.filt.sam	PQ625172	2099	28	0.987
1020-F-0818-D4	1020-F-0818-D4.filt.sam	PQ625090	2020	79	0.962
1020-F-0818-D4	1020-F-0818-D4.filt.sam	PQ624987	3483	49	0.986
sim-20-TD-4	sim-20-TD-4.filt.sam	PQ624843	924	4	0.996
sim-20-TD-4	sim-20-TD-4.filt.sam	PQ624844	1155	6	0.995
sim-20-TD-4	sim-20-TD-4.filt.sam	PQ625058	204	9	0.958
sim-20-TD-4	sim-20-TD-4.filt.sam	PQ624954	1007	15	0.985
1020-F-44	1020-F-44.filt.sam	PQ625089	221	14	0.940
1020-F-44	1020-F-44.filt.sam	PQ624986	1850	28	0.985
1020-F-44	1020-F-44.filt.sam	PQ624879	2209	21	0.991
ME-M-17	ME-M-17.filt.sam	PQ625130	1806	246	0.880
ME-M-17	ME-M-17.filt.sam	PQ625029	10492	509	0.954
ME-M-17	ME-M-17.filt.sam	PQ624925	28433	421	0.985
CVID-1006-G6	CVID-1006-G6.filt.sam	PQ624904	7837	53	0.993
CVID-1006-G6	CVID-1006-G6.filt.sam	PQ625182	2224	64	0.972
CVID-1006-G6	CVID-1006-G6.filt.sam	PQ625009	6048	110	0.982
CVID-1006-G6	CVID-1006-G6.filt.sam	PQ625112	5613	226	0.961
1020-G3	1020-G3.filt.sam	PQ624989	2246	68	0.971
1020-G3	1020-G3.filt.sam	PQ624882	2332	24	0.990
1020-G3	1020-G3.filt.sam	PQ625092	258	12	0.956
500-M-61-2	500-M-61-2.filt.sam	PQ624966	2288	68	0.971
500-M-61-2	500-M-61-2.filt.sam	PQ625159	44	1	0.978
500-M-61-2	500-M-61-2.filt.sam	PQ625069	3004	211	0.934
500-M-61-2	500-M-61-2.filt.sam	PQ624857	2864	31	0.989
Peach-13-H7	Peach-13-H7.filt.sam	PQ624937	30		1.000
Peach-13-H7	Peach-13-H7.filt.sam	PQ625040	103	1	0.990
Peach-13-H7	Peach-13-H7.filt.sam	PQ624936	93	2	0.979
Peach-13-H7	Peach-13-H7.filt.sam	PQ625141	77	1	0.987
Peach-13-H7	Peach-13-H7.filt.sam	PQ625199	63	2	0.969
1020-M-0818-A10	1020-M-0818-A10.filt.sam	PQ624887	2739	24	0.991
1020-M-0818-A10	1020-M-0818-A10.filt.sam	PQ624994	2470	59	0.977
1020-M-0818-A10	1020-M-0818-A10.filt.sam	PQ625097	246	6	0.976
ME-M-8	ME-M-8.filt.sam	PQ625126	78	1	0.987
ME-M-8	ME-M-8.filt.sam	PQ625025	212	2	0.991
ME-M-8	ME-M-8.filt.sam	PQ624920	151		1.000
Peach-8-F7	Peach-8-F7.filt.sam	PQ625037	11821	219	0.982
Peach-8-F7	Peach-8-F7.filt.sam	PQ625138	9479	329	0.966
Peach-8-F7	Peach-8-F7.filt.sam	PQ624933	7522	124	0.984
Penn-F-4	Penn-F-4.filt.sam	PQ625145	304		1.000
Penn-F-4	Penn-F-4.filt.sam	PQ624941	294		1.000
Penn-F-4	Penn-F-4.filt.sam	PQ625044	4875	122	0.976
Penn-F-4	Penn-F-4.filt.sam	PQ625204	158		1.000
Penn-F-4	Penn-F-4.filt.sam	PQ624942	9795	105	0.989
Penn-F-4	Penn-F-4.filt.sam	PQ625045	778	5	0.994
Penn-F-4	Penn-F-4.filt.sam	PQ625144	898	85	0.914
1020-F1	1020-F1.filt.sam	PQ624873	382	4	0.990
1020-F1	1020-F1.filt.sam	PQ624981	442	12	0.974
1020-F1	1020-F1.filt.sam	PQ625084	63	1	0.984
1428-M-42	1428-M-42.filt.sam	PQ624895	79289	965	0.988
1428-M-42	1428-M-42.filt.sam	PQ625000	107611	827	0.992
1428-M-42	1428-M-42.filt.sam	PQ625103	44889	1443	0.969
1428-M-42	1428-M-42.filt.sam	PQ625178	71314	1190	0.984
1020-F-36	1020-F-36.filt.sam	PQ624984	984	17	0.983
1020-F-36	1020-F-36.filt.sam	PQ624876	1126	2	0.998
1020-F-36	1020-F-36.filt.sam	PQ625087	104	2	0.981
500-F-41	500-F-41.filt.sam	PQ624849	98075	642	0.993
500-F-41	500-F-41.filt.sam	PQ624959	219719	1709	0.992
500-F-41	500-F-41.filt.sam	PQ624848	55198	292	0.995
500-F-41	500-F-41.filt.sam	PQ625062	74204	373	0.995
500-F-41	500-F-41.filt.sam	PQ625156	66902	667	0.990
500-M-16	500-M-16.filt.sam	PQ624961	1665	72	0.959
500-M-16	500-M-16.filt.sam	PQ624851	4068	57	0.986
500-M-16	500-M-16.filt.sam	PQ625064	369	14	0.963
500-M-65	500-M-65.filt.sam	PQ625072	4487	67	0.985
500-M-65	500-M-65.filt.sam	PQ625162	5692	64	0.989
500-M-65	500-M-65.filt.sam	PQ624860	9289	56	0.994
500-M-65	500-M-65.filt.sam	PQ624969	13244	134	0.990
Adobe-C2	Adobe-C2.filt.sam	PQ624899	13557	263	0.981
Adobe-C2	Adobe-C2.filt.sam	PQ625107	1791	381	0.825
Adobe-C2	Adobe-C2.filt.sam	PQ625004	3614	293	0.925
1020-M-19	1020-M-19.filt.sam	PQ624884	117226	697	0.994
1020-M-19	1020-M-19.filt.sam	PQ624991	225842	1482	0.993
1020-M-19	1020-M-19.filt.sam	PQ625173	106820	793	0.993
1020-M-19	1020-M-19.filt.sam	PQ625094	61586	472	0.992
Penn-M-2	Penn-M-2.filt.sam	PQ625208	5335	22	0.996
Penn-M-2	Penn-M-2.filt.sam	PQ625148	1490	8	0.995
Penn-M-2	Penn-M-2.filt.sam	PQ624945	2704	15	0.994
Penn-M-2	Penn-M-2.filt.sam	PQ625050	3839	31	0.992
Peach-9-F8	Peach-9-F8.filt.sam	PQ625139	6514	278	0.959
Peach-9-F8	Peach-9-F8.filt.sam	PQ625038	6433	127	0.981
Peach-9-F8	Peach-9-F8.filt.sam	PQ624934	4519	71	0.985
ME-M-7	ME-M-7.filt.sam	PQ624919	422	6	0.986
ME-M-7	ME-M-7.filt.sam	PQ625023	13608	349	0.975
ME-M-7	ME-M-7.filt.sam	PQ625194	202	4	0.981
ME-M-7	ME-M-7.filt.sam	PQ624918	20875	179	0.991
ME-M-7	ME-M-7.filt.sam	PQ625024	704	11	0.985
ME-M-7	ME-M-7.filt.sam	PQ625124	1694	112	0.938
ME-M-7	ME-M-7.filt.sam	PQ625125	293	12	0.961
ME-F-1	ME-F-1.filt.sam	PQ625188	25		1.000
ME-F-1	ME-F-1.filt.sam	PQ624910	45666	587	0.987
ME-F-1	ME-F-1.filt.sam	PQ625187	20	1	0.952
ME-F-1	ME-F-1.filt.sam	PQ625015	14663	855	0.945
ME-F-1	ME-F-1.filt.sam	PQ625118	6652	662	0.909
1428-M-21	1428-M-21.filt.sam	PQ624999	12345	281	0.978
1428-M-21	1428-M-21.filt.sam	PQ625102	11786	1125	0.913
1428-M-21	1428-M-21.filt.sam	PQ624894	16789	292	0.983
500-M-84	500-M-84.filt.sam	PQ624863	158442	578	0.996
500-M-84	500-M-84.filt.sam	PQ624972	245362	1031	0.996
500-M-84	500-M-84.filt.sam	PQ625164	198944	891	0.996
500-M-84	500-M-84.filt.sam	PQ625075	80703	280	0.997
500-M-17	500-M-17.filt.sam	PQ624962	10440	288	0.973
500-M-17	500-M-17.filt.sam	PQ625157	7337	251	0.967
500-M-17	500-M-17.filt.sam	PQ624852	12885	281	0.979
500-M-17	500-M-17.filt.sam	PQ625065	7868	510	0.939
OH-M-5	OH-M-5.filt.sam	PQ625137	13204	815	0.942
OH-M-5	OH-M-5.filt.sam	PQ625198	10430	411	0.962
OH-M-5	OH-M-5.filt.sam	PQ625036	29366	799	0.974
OH-M-5	OH-M-5.filt.sam	PQ624932	23109	453	0.981
Penn-M-8	Penn-M-8.filt.sam	PQ625210	89		1.000
Penn-M-8	Penn-M-8.filt.sam	PQ625149	77		1.000
Penn-M-8	Penn-M-8.filt.sam	PQ625051	192	1	0.995
Penn-M-8	Penn-M-8.filt.sam	PQ624947	110	2	0.982
ME-M-18	ME-M-18.filt.sam	PQ625030	8434	343	0.961
ME-M-18	ME-M-18.filt.sam	PQ624926	26116	370	0.986
ME-M-18	ME-M-18.filt.sam	PQ625131	1038	126	0.892
ME-M-3	ME-M-3.filt.sam	PQ625056	1327	25	0.982
ME-M-3	ME-M-3.filt.sam	PQ625214	739	7	0.991
ME-M-3	ME-M-3.filt.sam	PQ625153	676	36	0.949
ME-M-3	ME-M-3.filt.sam	PQ624952	2778	50	0.982
1020-D1	1020-D1.filt.sam	PQ625082	171	23	0.881
1020-D1	1020-D1.filt.sam	PQ624871	1988	33	0.984
1020-D1	1020-D1.filt.sam	PQ624979	1090	34	0.970
ME-M-2	ME-M-2.filt.sam	PQ625192	10267	432	0.960
ME-M-2	ME-M-2.filt.sam	PQ625020	14984	535	0.966
ME-M-2	ME-M-2.filt.sam	PQ624915	30470	502	0.984
ME-M-2	ME-M-2.filt.sam	PQ625121	8411	1929	0.813
ME-M-2	ME-M-2.filt.sam	PQ625193	6471	224	0.967
CVID-1006-G7	CVID-1006-G7.filt.sam	PQ624905	6962	59	0.992
CVID-1006-G7	CVID-1006-G7.filt.sam	PQ625113	4178	162	0.963
CVID-1006-G7	CVID-1006-G7.filt.sam	PQ625183	6672	79	0.988
CVID-1006-G7	CVID-1006-G7.filt.sam	PQ625010	9832	90	0.991
500-M-61	500-M-61.filt.sam	PQ624967	15062	269	0.982
500-M-61	500-M-61.filt.sam	PQ625160	5168	158	0.970
500-M-61	500-M-61.filt.sam	PQ624858	9400	160	0.983
500-M-61	500-M-61.filt.sam	PQ625070	8413	474	0.947
500-M-65-2	500-M-65-2.filt.sam	PQ624968	5949	73	0.988
500-M-65-2	500-M-65-2.filt.sam	PQ624859	4312	47	0.989
500-M-65-2	500-M-65-2.filt.sam	PQ625161	1904	56	0.971
500-M-65-2	500-M-65-2.filt.sam	PQ625071	3616	125	0.967
500-M-60	500-M-60.filt.sam	PQ625068	336	25	0.931
500-M-60	500-M-60.filt.sam	PQ624855	1325	33	0.976
500-M-60	500-M-60.filt.sam	PQ624965	1539	50	0.969
500-M-60	500-M-60.filt.sam	PQ624856	1934	20	0.990
CVID-0911-F4	CVID-0911-F4.filt.sam	PQ625181	5382	392	0.932
CVID-0911-F4	CVID-0911-F4.filt.sam	PQ624903	11045	485	0.958
CVID-0911-F4	CVID-0911-F4.filt.sam	PQ625008	6020	490	0.925
CVID-0911-F4	CVID-0911-F4.filt.sam	PQ625111	6598	1007	0.868
mel-20-TD-3	mel-20-TD-3.filt.sam	PQ625057	176	12	0.936
mel-20-TD-3	mel-20-TD-3.filt.sam	PQ624841	514	2	0.996
mel-20-TD-3	mel-20-TD-3.filt.sam	PQ624842	783		1.000
mel-20-TD-3	mel-20-TD-3.filt.sam	PQ624953	681	10	0.986
Penn-F-3	Penn-F-3.filt.sam	PQ625143	33329	1182	0.966
Penn-F-3	Penn-F-3.filt.sam	PQ625043	60040	590	0.990
Penn-F-3	Penn-F-3.filt.sam	PQ625203	14744	355	0.976
Penn-F-3	Penn-F-3.filt.sam	PQ624940	40950	409	0.990
ME-F-2	ME-F-2.filt.sam	PQ625016	91	6	0.938
ME-F-2	ME-F-2.filt.sam	PQ625189	85	11	0.885
ME-F-2	ME-F-2.filt.sam	PQ624911	195	2	0.990
Myrtle-E9	Myrtle-E9.filt.sam	PQ625035	2491	43	0.983
Myrtle-E9	Myrtle-E9.filt.sam	PQ624931	4529	30	0.993
Myrtle-E9	Myrtle-E9.filt.sam	PQ625136	2993	149	0.953
Myrtle-E9	Myrtle-E9.filt.sam	PQ625197	2421	48	0.981
CVID-1006-H2	CVID-1006-H2.filt.sam	PQ625184	13606	116	0.992
CVID-1006-H2	CVID-1006-H2.filt.sam	PQ625011	15132	164	0.989
CVID-1006-H2	CVID-1006-H2.filt.sam	PQ624906	11239	120	0.989
CVID-1006-H2	CVID-1006-H2.filt.sam	PQ625114	8977	252	0.973
CVID-1006-H3	CVID-1006-H3.filt.sam	PQ625185	6654	52	0.992
CVID-1006-H3	CVID-1006-H3.filt.sam	PQ624907	10616	67	0.994
CVID-1006-H3	CVID-1006-H3.filt.sam	PQ625115	11301	162	0.986
CVID-1006-H3	CVID-1006-H3.filt.sam	PQ625012	18190	110	0.994
1428-M-3	1428-M-3.filt.sam	PQ624891	2128	22	0.990
1428-M-3	1428-M-3.filt.sam	PQ624890	3171	25	0.992
1428-M-3	1428-M-3.filt.sam	PQ624997	3634	94	0.975
1428-M-3	1428-M-3.filt.sam	PQ625100	502	17	0.967
ME-M-11	ME-M-11.filt.sam	PQ625027	14167	696	0.953
ME-M-11	ME-M-11.filt.sam	PQ625128	12988	2408	0.844
ME-M-11	ME-M-11.filt.sam	PQ625196	11514	473	0.961
ME-M-11	ME-M-11.filt.sam	PQ624923	34005	727	0.979
ME-M-14	ME-M-14.filt.sam	PQ625028	19401	646	0.968
ME-M-14	ME-M-14.filt.sam	PQ624924	35318	430	0.988
ME-M-14	ME-M-14.filt.sam	PQ625129	3176	269	0.922
1020-C2	1020-C2.filt.sam	PQ624870	1934	11	0.994
1020-C2	1020-C2.filt.sam	PQ624978	1284	21	0.984
1020-C2	1020-C2.filt.sam	PQ625081	233	6	0.975
Myrtle-D5	Myrtle-D5.filt.sam	PQ625134	193	31	0.862
Myrtle-D5	Myrtle-D5.filt.sam	PQ625033	943	20	0.979
Myrtle-D5	Myrtle-D5.filt.sam	PQ624929	1367	14	0.990
Penn-F-1	Penn-F-1.filt.sam	PQ625200	94		1.000
Penn-F-1	Penn-F-1.filt.sam	PQ624938	61		1.000
Penn-F-1	Penn-F-1.filt.sam	PQ625041	91	1	0.989
ME-M-1	ME-M-1.filt.sam	PQ625019	42921	1234	0.972
ME-M-1	ME-M-1.filt.sam	PQ624914	91891	1179	0.987
ME-M-1	ME-M-1.filt.sam	PQ625191	31406	1033	0.968
ME-M-1	ME-M-1.filt.sam	PQ625120	38063	3862	0.908
Penn-F-2	Penn-F-2.filt.sam	PQ625142	111721	285	0.997
Penn-F-2	Penn-F-2.filt.sam	PQ624939	178110	340	0.998
Penn-F-2	Penn-F-2.filt.sam	PQ625201	191078	340	0.998
Penn-F-2	Penn-F-2.filt.sam	PQ625042	264200	891	0.997
Penn-F-2	Penn-F-2.filt.sam	PQ625202	190322	286	0.998
1020-F-31	1020-F-31.filt.sam	PQ625086	29021	120	0.996
1020-F-31	1020-F-31.filt.sam	PQ624983	70383	329	0.995
1020-F-31	1020-F-31.filt.sam	PQ624875	42396	154	0.996
1020-F-31	1020-F-31.filt.sam	PQ625170	33356	150	0.996
Briarwood-D9	Briarwood-D9.filt.sam	PQ625005	10609	61	0.994
Briarwood-D9	Briarwood-D9.filt.sam	PQ624900	8650	26	0.997
Briarwood-D9	Briarwood-D9.filt.sam	PQ625108	4822	35	0.993
Briarwood-D9	Briarwood-D9.filt.sam	PQ625180	20214	74	0.996
mel-21-MDS-9	mel-21-MDS-9.filt.sam	PQ624845	3624	44	0.988
mel-21-MDS-9	mel-21-MDS-9.filt.sam	PQ625154	2229	80	0.965
mel-21-MDS-9	mel-21-MDS-9.filt.sam	PQ624955	5703	87	0.985
mel-21-MDS-9	mel-21-MDS-9.filt.sam	PQ625059	3807	154	0.961
1020-A7	1020-A7.filt.sam	PQ624976	9636	120	0.988
1020-A7	1020-A7.filt.sam	PQ625079	9373	142	0.985
1020-A7	1020-A7.filt.sam	PQ625166	3744	71	0.981
1020-A7	1020-A7.filt.sam	PQ624867	8121	63	0.992
1020-A7	1020-A7.filt.sam	PQ624868	6560	39	0.994
ME-F-9	ME-F-9.filt.sam	PQ624913	706	16	0.978
ME-F-9	ME-F-9.filt.sam	PQ625018	342	11	0.969
Penn-M-10	Penn-M-10.filt.sam	PQ624948	210561	643	0.997
Penn-M-10	Penn-M-10.filt.sam	PQ625052	438425	1693	0.996
Penn-M-10	Penn-M-10.filt.sam	PQ625150	182660	580	0.997
Penn-M-10	Penn-M-10.filt.sam	PQ625211	1015441	2250	0.998
Penn-F-12	Penn-F-12.filt.sam	PQ625207	414	2	0.995
Penn-F-12	Penn-F-12.filt.sam	PQ625147	1465	7	0.995
Penn-F-12	Penn-F-12.filt.sam	PQ624944	1224	2	0.998
Penn-F-12	Penn-F-12.filt.sam	PQ625049	3547	17	0.995
James-A5	James-A5.filt.sam	PQ625186	82		1.000
James-A5	James-A5.filt.sam	PQ624909	282	5	0.983
James-A5	James-A5.filt.sam	PQ625117	136	4	0.971
James-A5	James-A5.filt.sam	PQ625014	561		1.000
ME-M-4	ME-M-4.filt.sam	PQ625021	13273	324	0.976
ME-M-4	ME-M-4.filt.sam	PQ624916	22048	224	0.990
ME-M-4	ME-M-4.filt.sam	PQ625122	1562	119	0.929
Penn-M-15	Penn-M-15.filt.sam	PQ625055	493225	2017	0.996
Penn-M-15	Penn-M-15.filt.sam	PQ625152	225940	805	0.996
Penn-M-15	Penn-M-15.filt.sam	PQ624951	307673	990	0.997
1020-D3	1020-D3.filt.sam	PQ624980	314		1.000
1020-D3	1020-D3.filt.sam	PQ625083	98	4	0.961
1020-D3	1020-D3.filt.sam	PQ624872	190		1.000
1020-D3	1020-D3.filt.sam	PQ625168	166	1	0.994
ME-M-10	ME-M-10.filt.sam	PQ625127	1259	114	0.917
ME-M-10	ME-M-10.filt.sam	PQ625026	5019	204	0.961
ME-M-10	ME-M-10.filt.sam	PQ624922	7822	130	0.984
CVID-0825-B1	CVID-0825-B1.filt.sam	PQ625109	113	19	0.856
CVID-0825-B1	CVID-0825-B1.filt.sam	PQ624901	1699	13	0.992
CVID-0825-B1	CVID-0825-B1.filt.sam	PQ625006	577	21	0.965
James-A4	James-A4.filt.sam	PQ624908	11587	87	0.993
James-A4	James-A4.filt.sam	PQ625116	640	34	0.950
James-A4	James-A4.filt.sam	PQ625013	5463	76	0.986
ME-M-19	ME-M-19.filt.sam	PQ625031	39432	1416	0.965
ME-M-19	ME-M-19.filt.sam	PQ624927	111529	1171	0.990
ME-M-19	ME-M-19.filt.sam	PQ625132	4387	656	0.870
1020-M-0818-A7	1020-M-0818-A7.filt.sam	PQ624886	152	5	0.968
1020-M-0818-A7	1020-M-0818-A7.filt.sam	PQ624993	203	12	0.944
1020-M-0818-A7	1020-M-0818-A7.filt.sam	PQ625175	179	2	0.989
1020-M-0818-A7	1020-M-0818-A7.filt.sam	PQ625096	109	22	0.832
