Sample ID,State Collected,Street Collected,Coding-complete galbut virus sequence,Chaq virus sequence detected,Coding-complete chaq virus sequence,NCBI nucleotide accession,SRA accession (1),Number of galbut and chaq virus reads (RPM)
1020_A7,Colorado,Wabash,Yes,Yes,Yes,"PQ625166, PQ625079, PQ624976, PQ624867, PQ624868",SRR30712331,3599.27
1020_A8,Colorado,Wabash,-,-,-,,SRR30712330,-
1020_A8_2,Colorado,Wabash,-,-,-,,SRR30712232,-
1020_B11,Colorado,Wabash,-,-,-,,SRR30712317,-
1020_B6,Colorado,Wabash,Yes,Yes,Yes,"PQ625167, PQ625080, PQ624977, PQ624869",SRR30712306,4676.62
1020_C1,Colorado,Wabash,-,-,-,,SRR30712231,-
1020_C2,Colorado,Wabash,Yes,No,-,"PQ625081, PQ624978, PQ624870",SRR30712220,300.66
1020_D1,Colorado,Wabash,Yes,No,-,"PQ625082, PQ624979, PQ624871",SRR30712209,390.97
1020_D3,Colorado,Wabash,Yes,Yes,Yes,"PQ625168, PQ625083, PQ624980, PQ624872",SRR30712198,73.35
1020_D9,Colorado,Wabash,-,-,-,,SRR30712187,-
1020_F_0818_D11,Colorado,Wabash,Yes,No,-,"PQ625091, PQ624988, PQ624881",SRR30712329,249.08
1020_F_0818_D4,Colorado,Wabash,Yes,Yes,Yes,"PQ625172, PQ625090, PQ624987, PQ624880",SRR30712287,1044.98
1020_F_0818_E4,Colorado,Wabash,No,No,-,,SRR30712276,1.07
1020_F_31,Colorado,Wabash,No,Yes,Yes,"PQ625170, PQ625086, PQ624983, PQ624875",SRR30712265,17538.20
1020_F_36,Colorado,Wabash,Yes,No,-,"PQ625087, PQ624984, PQ624876",SRR30712254,198.88
1020_F_40,Colorado,Wabash,Yes,Yes,Yes,"PQ625171, PQ625088, PQ624985, PQ624877, PQ624878",SRR30712243,546.17
1020_F_44,Colorado,Wabash,Yes,No,-,"PQ625089, PQ624986, PQ624879",SRR30712237,493.13
1020_F1,Colorado,Wabash,Yes,No,-,"PQ625084, PQ624981, PQ624873",SRR30712243,82.54
1020_F3,Colorado,Wabash,No,No,No,,SRR30712235,5.35
1020_F6,Colorado,Wabash,Yes,Yes,Yes,"PQ625169, PQ625085, PQ624982, PQ624874",SRR30712234,3661.32
1020_F8,Colorado,Wabash,-,-,-,,SRR30712327,-
1020_G1,Colorado,Wabash,No,No,-,,SRR30712326,-
1020_G3,Colorado,Wabash,Yes,No,-,"PQ625092, PQ624989, PQ624882",SRR30712325,611.15
1020_H7,Colorado,Wabash,-,-,-,,SRR30712324,-
1020_M_0818_A10,Colorado,Wabash,Yes,No,-,"PQ625097, PQ624994, PQ624887",SRR30712323,553.01
1020_M_0818_A5,Colorado,Wabash,No,Yes,Yes,"PQ625174, PQ625095, PQ624992, PQ624885",SRR30712322,45347.21
1020_M_0818_A7,Colorado,Wabash,Yes,Yes,Yes,"PQ625175, PQ625096, PQ624993, PQ624886",SRR30712321,59.72
1020_M_19,Colorado,Wabash,Yes,Yes,Yes,"PQ625173, PQ625094, PQ624991, PQ624884",SRR30712320,49691.43
1020_M_8,Colorado,Wabash,Yes,No,-,"PQ625093, PQ624990, PQ624883",SRR30712319,467.89
1428_F_15,Colorado,Elm,-,-,-,,SRR30712318,-
1428_F_8,Colorado,Elm,Yes,Yes,Yes,"PQ625176, PQ625098, PQ624995, PQ624888",SRR30712316,1277.30
1428_M_3,Colorado,Elm,Yes,No,-,"PQ625100, PQ624997, PQ624890, PQ624891",SRR30712315,1099.89
1428_M_4,Colorado,Elm,Yes,Yes,Yes,"PQ625177, PQ625101, PQ624998, PQ624892",SRR30712314,2466.44
1428_M_6,Colorado,Elm,Yes,No,-,PQ624893,SRR30712313,47.14
1428-F-21,Colorado,Elm,Yes,No,-,"PQ625099, PQ624996, PQ624889",SRR30712312,529.82
1428-M-21,Colorado,Elm,Yes,No,-,"PQ625102, PQ624999, PQ624894",SRR30712311,2475.24
1428-M-36,Colorado,Elm,No,No,-,,SRR30712310,-
1428-M-42,Colorado,Elm,Yes,Yes,Yes,"PQ625178, PQ625103, PQ625000, PQ624895",SRR30712309,19814.01
1428-M-43,Colorado,Elm,Yes,No,No,,SRR30712308,5.24
500_F_11,Colorado,Linden,Yes,Yes,Yes,"PQ625155, PQ625060, PQ624956, PQ624846",SRR30712307,1246.09
500_F_12,Colorado,Linden,-,-,-,,SRR30712305,-
500_F_21,Colorado,Linden,Yes,No,-,"PQ625061, PQ624957, PQ624958, PQ624847",SRR30712304,135.92
500_F_41,Colorado,Linden,Yes,Yes,Yes,"PQ625156, PQ625062, PQ624959, PQ624848, PQ624849",SRR30712303,47796.27
500_F_42,Colorado,Linden,No,No,-,,SRR30712302,0.91
500_F_67,Colorado,Linden,Yes,No,-,"PQ625063, PQ624960, PQ624850",SRR30712301,1203.06
500_M_100,Colorado,Linden,No,No,-,,SRR30712300,1.10
500_M_16,Colorado,Linden,Yes,No,-,"PQ625064, PQ624961, PQ624851",SRR30712299,603.21
500_M_17,Colorado,Linden,Yes,Yes,Yes,"PQ625157, PQ625065, PQ624962, PQ624852",SRR30712298,3975.30
500_M_40,Colorado,Linden,-,-,-,,SRR30712297,-
500_M_54,Colorado,Linden,Yes,No,-,"PQ625066, PQ624963, PQ624853",SRR30712233,2435.91
500_M_55,Colorado,Linden,No,Yes,-,,SRR30712230,-
500_M_57,Colorado,Linden,Yes,Yes,Yes,"PQ625158, PQ625067, PQ624964, PQ624854",SRR30712229,2802.57
500_M_6,Colorado,Linden,-,-,-,,SRR30712228,-
500_M_60,Colorado,Linden,Yes,No,-,"PQ625068, PQ624965, PQ624855, PQ624856",SRR30712227,642.06
500_M_61,Colorado,Linden,Yes,Yes,Yes,"PQ625160, PQ625070, PQ624967, PQ624858",SRR30712226,5206.74
500_M_61_2,Colorado,Linden,Yes,Yes,Yes,"PQ625159, PQ625069, PQ624966, PQ624857",SRR30712225,954.02
500_M_65,Colorado,Linden,Yes,Yes,Yes,"PQ625162, PQ625072, PQ624969, PQ624860",SRR30712224,3958.83
500_M_65_2,Colorado,Linden,Yes,Yes,Yes,"PQ625161, PQ625071, PQ624968, PQ624859",SRR30712223,1645.09
500_M_71,Colorado,Linden,No,No,-,,SRR30712222,1.92
500_M_71_2,Colorado,Linden,No,Yes,Yes,"PQ625163, PQ625073, PQ624970, PQ624861",SRR30712221,18123.15
500_M_83,Colorado,Linden,Yes,No,-,"PQ625074, PQ624971, PQ624862",SRR30712219,2917.61
500_M_84,Colorado,Linden,No,Yes,Yes,"PQ625164, PQ625075, PQ624972, PQ624863",SRR30712218,56683.29
500_M_F10,Colorado,Linden,Yes,Yes,Yes,"PQ625165, PQ625076, PQ624973, PQ624864",SRR30712217,2914.68
500_M_F11,Colorado,Linden,Yes,No,-,"PQ625077, PQ624974, PQ624865",SRR30712216,237.42
500_M_F9,Colorado,Linden,No,Yes,No,,SRR30712215,0.98
500_M_G2,Colorado,Linden,Yes,No,-,"PQ625078, PQ624975, PQ624866",SRR30712214,205.36
Adobe-B4,Colorado,Adobe,Yes,No,-,"PQ625104, PQ625001, PQ624896",SRR30712213,489.13
Adobe-B6,Colorado,Adobe,Yes,No,-,"PQ625105, PQ625002, PQ624897",SRR30712212,653.93
Adobe-B8,Colorado,Adobe,Yes,Yes,Yes,"PQ625179, PQ625106, PQ625003, PQ624898",SRR30712214,62982.91
Adobe-C1,Colorado,Adobe,-,-,-,,SRR30712210,-
Adobe-C2,Colorado,Adobe,Yes,No,-,"PQ625107, PQ625004, PQ624899",SRR30712208,1357.89
Briarwood_D10,Colorado,Briarwood,-,-,-,,SRR30712207,-
Briarwood_D9,Colorado,Briarwood,Yes,Yes,Yes,"PQ625180, PQ625108, PQ625005, PQ624900",SRR30712206,4506.78
CVID_0825_B1,Colorado,Rampart,Yes,No,-,"PQ625109, PQ625006, PQ624901",SRR30712205,269.69
CVID_0825_C10,Colorado,Rampart,Yes,No,-,"PQ625110, PQ625007, PQ624902",SRR30712204,1130.62
CVID_0911_E3,Colorado,Rampart,-,-,-,,SRR30712203,-
CVID_0911_F3,Colorado,Rampart,-,-,-,,SRR30712202,-
CVID_0911_F4,Colorado,Rampart,Yes,Yes,Yes,"PQ625181, PQ625111, PQ625008, PQ624903",SRR30712201,2960.22
CVID_1006_G6,Colorado,Rampart,Yes,Yes,Yes,"PQ625182, PQ625112, PQ625009, PQ624904",SRR30712200,1692.98
CVID_1006_G7,Colorado,Rampart,Yes,Yes,Yes,"PQ625183, PQ625113, PQ625010, PQ624905",SRR30712199,2576.28
CVID_1006_H2,Colorado,Rampart,Yes,Yes,Yes,"PQ625184, PQ625114, PQ625011, PQ624906",SRR30712197,4147.74
CVID_1006_H3,Colorado,Rampart,Yes,Yes,Yes,"PQ625185, PQ625115, PQ625012, PQ624907",SRR30712196,4751.59
CVID_1006_H4,Colorado,Rampart,No,No,-,,SRR30712195,-
hydei-20-TD-1,Colorado,Laurel,-,-,-,,SRR30712194,-
James-A4,Colorado,James,Yes,No,-,"PQ625116, PQ625013, PQ624908",SRR30712193,1173.77
James-A5,Colorado,James,Yes,Yes,Yes,"PQ625186, PQ625117, PQ625014, PQ624909",SRR30712192,83.23
ME-F-1,Maine,Cushman,Yes,Yes,Yes,"PQ625187, PQ625188, PQ625118, PQ625015, PQ624910",SRR30712291,5491.59
ME-F-2,Maine,Cushman,Yes,Yes,Yes,"PQ625189, PQ625016, PQ624911",SRR30712290,35.69
ME-F-3,Maine,Cushman,Yes,Yes,Yes,"PQ625190, PQ625119, PQ625017, PQ624912",SRR30712289,15162.59
ME-F-9,Maine,Cushman,Yes,No,No,"PQ625018, PQ624913",SRR30712288,206.79
ME-M-1,Maine,Cushman,Yes,Yes,Yes,"PQ625191, PQ625120, PQ625019, PQ624914",SRR30712286,12582.52
ME-M-10,Maine,Cushman,Yes,No,-,"PQ625127, PQ625026, PQ624922",SRR30712285,3059.10
ME-M-11,Maine,Cushman,Yes,Yes,Yes,"PQ625196, PQ625128, PQ625027, PQ624923",SRR30712284,12009.36
ME-M-13,Maine,Cushman,Yes,No,No,,SRR30712283,2.93
ME-M-14,Maine,Cushman,Yes,No,-,"PQ625129, PQ625028, PQ624924",SRR30712282,3291.81
ME-M-17,Maine,Cushman,Yes,No,No,"PQ625130, PQ625029, PQ624925",SRR30712281,3262.84
ME-M-18,Maine,Cushman,Yes,No,-,"PQ625131, PQ625030, PQ624926",SRR30712280,1268.57
ME-M-19,Maine,Cushman,Yes,No,-,"PQ625132, PQ625031, PQ624927",SRR30712279,8923.71
ME-M-2,Maine,Cushman,Yes,Yes,Yes,"PQ625192, PQ625193, PQ625121, PQ625020, PQ624915",SRR30712269,11838.56
ME-M-20,Maine,Cushman,Yes,No,No,"PQ625133, PQ625032, PQ624928",SRR30712268,2589.53
ME-M-3,Maine,Cushman,Yes,Yes,Yes,"PQ625214, PQ625153, PQ625056, PQ624952",SRR30712267,702.89
ME-M-4,Maine,Cushman,Yes,No,-,"PQ625122, PQ625021, PQ624916",SRR30712266,2168.10
ME-M-6,Maine,Cushman,Yes,No,-,"PQ625123, PQ625022, PQ624917",SRR30712264,5739.65
ME-M-7,Maine,Cushman,Yes,Yes,Yes,"PQ625194, PQ625124, PQ625125, PQ625023, PQ625024, PQ624918, PQ624919",SRR30712263,3142.71
ME-M-8,Maine,Cushman,Yes,Yes,Yes,"PQ625195, PQ625126, PQ625025, PQ624920, PQ624921",SRR30712262,26.20
ME-M-9,Maine,Cushman,No,No,-,,SRR30712261,0.75
mel-20-AG-4,Colorado,Birch,-,-,-,,SRR30712260,-
mel-20-AG-5,Colorado,Birch,-,-,-,,SRR30712259,-
mel-20-TD-3,Colorado,Laurel,Yes,No,-,"PQ625057, PQ624953, PQ624841, PQ624842",SRR30712258,141.44
mel-21-LK-5,Colorado,Heatheridge,No,No,-,,SRR30712257,0.83
mel-21-MDS-9,Colorado,Michener,Yes,Yes,Yes,"PQ625154, PQ625059, PQ624955, PQ624845",SRR30712256,2286.00
Myrtle_E10,Colorado,Myrtle,No,Yes,No,,SRR30712240,-
Myrtle_E9,Colorado,Myrtle,Yes,Yes,Yes,"PQ625197, PQ625136, PQ625035, PQ624931",SRR30712239,2417.33
Myrtle-D1,Colorado,Myrtle,-,-,-,,SRR30712238,-
Myrtle-D11,Colorado,Myrtle,Yes,No,-,"PQ625135, PQ625034, PQ624930",SRR30712191,665.50
Myrtle-D5,Colorado,Myrtle,Yes,No,-,"PQ625134, PQ625033, PQ624929",SRR30712190,178.32
Myrtle-D8,Colorado,Myrtle,No,No,-,,SRR30712189,0.94
Myrtle-E4,Colorado,Myrtle,-,-,-,,SRR30712188,-
OH_M_3,Ohio,Williamsburg,-,-,-,,SRR30712186,-
OH_M_4,Ohio,Williamsburg,-,-,-,,SRR30712185,-
OH_M_5,Ohio,Williamsburg,Yes,Yes,Yes,"PQ625198, PQ625137, PQ625036, PQ624932",SRR30712184,11008.06
OH_M_6,Ohio,Williamsburg,-,-,-,,SRR30712183,-
OH_M_7,Ohio,Williamsburg,-,-,-,,SRR30712182,-
OH-F-1,Ohio,Williamsburg,-,-,-,,SRR30712181,-
OH-F-2,Ohio,Williamsburg,-,-,-,,SRR30712180,-
OH-F-3,Ohio,Williamsburg,-,-,-,,SRR30712179,-
Peach_1_B2,Colorado,JFK Parkway,No,No,-,,SRR30712178,-
Peach_10_F10,Colorado,JFK Parkway,Yes,No,-,"PQ625140, PQ625039, PQ624935",SRR30712177,1807.48
Peach_11_F11,Colorado,JFK Parkway,-,-,-,,SRR30712328,-
Peach_12_H1,Colorado,JFK Parkway,-,-,-,,SRR30712296,-
Peach_13_H7,Colorado,JFK Parkway,Yes,Yes,Yes,"PQ625199, PQ625141, PQ625040, PQ624936, PQ624937",SRR30712295,37.68
Peach_2_B4,Colorado,JFK Parkway,No,Yes,No,,SRR30712294,3.23
Peach_3_B5,Colorado,JFK Parkway,No,No,-,,SRR30712293,18.77
Peach_4_B7,Colorado,JFK Parkway,No,No,-,,SRR30712292,5.49
Peach_5_B9,Colorado,JFK Parkway,No,Yes,No,,SRR30712278,4.15
Peach_6_E5,Colorado,JFK Parkway,-,-,-,,SRR30712277,-
Peach_7_F6,Colorado,JFK Parkway,-,-,-,,SRR30712275,-
Peach_8_F7,Colorado,JFK Parkway,Yes,No,-,"PQ625138, PQ625037, PQ624933",SRR30712274,2310.65
Peach_9_F8,Colorado,JFK Parkway,Yes,No,No,"PQ625139, PQ625038, PQ624934",SRR30712273,1969.55
Penn-F-1,Pennsylvania,Toftrees,No,Yes,Yes,"PQ625200, PQ625041, PQ624938",SRR30712272,52.47
Penn-F-12,Pennsylvania,Toftrees,Yes,Yes,Yes,"PQ625207, PQ625147, PQ625049, PQ624944",SRR30712271,475.17
Penn-F-2,Pennsylvania,Toftrees,No,Yes,Yes,"PQ625201, PQ625202, PQ625142, PQ625042, PQ624939",SRR30712270,52234.45
Penn-F-3,Pennsylvania,Toftrees,Yes,Yes,Yes,"PQ625203, PQ625143, PQ625043, PQ624940",SRR30712255,10590.83
Penn-F-4,Pennsylvania,Toftrees,Yes,Yes,Yes,"PQ625204, PQ625144, PQ625145, PQ625044, PQ625045, PQ624941, PQ624942",SRR30712253,1254.28
Penn-F-6,Pennsylvania,Toftrees,Yes,Yes,Yes,"PQ625205, PQ625046, PQ625047",SRR30712252,18.44
Penn-F-9,Pennsylvania,Toftrees,Yes,Yes,Yes,"PQ625206, PQ625146, PQ625048, PQ624943",SRR30712251,42525.03
Penn-M-10,Pennsylvania,Toftrees,Yes,Yes,Yes,"PQ625211, PQ625150, PQ625052, PQ624948",SRR30712250,110903.51
Penn-M-11,Pennsylvania,Toftrees,Yes,Yes,Yes,"PQ625212, PQ625053, PQ624949",SRR30712276,80.31
Penn-M-14,Pennsylvania,Toftrees,Yes,Yes,Yes,"PQ625213, PQ625151, PQ625054, PQ624950",SRR30712248,84.19
Penn-M-15,Pennsylvania,Toftrees,No,Yes,No,"PQ625152, PQ625055, PQ624951",SRR30712247,58329.87
Penn-M-2,Pennsylvania,Toftrees,Yes,Yes,Yes,"PQ625208, PQ625209, PQ625148, PQ625050, PQ624945, PQ624946",SRR30712246,899.05
Penn-M-8,Pennsylvania,Toftrees,Yes,Yes,Yes,"PQ625210, PQ625149, PQ625051, PQ624947",SRR30712245,43.38
sim-20-AG-3,Colorado,Birch,No,Yes,No,,SRR30712244,0.29
sim-20-TD-4,Colorado,Laurel,Yes,No,-,"PQ625058, PQ624954, PQ624843, PQ624844",SRR30712242,230.64
sim-20-TD-5,Colorado,Laurel,-,-,-,,SRR30712241,-
(1) Sequence Read Archive,,,,,,,,