partition,codon,alpha,beta,alpha=beta,LRT,p-value,Total branch length,class
1,1,0,0,0,0,1,0,Invariable
1,2,0,9.404,6.609,0.709,0.3999,8.195,Neutral
1,3,0,0,0,0,1,0,Invariable
1,4,0,0,0,0,1,0,Invariable
1,5,0,0,0,0,1,0,Invariable
1,6,0,1.469,1.005,0.747,0.3873,1.247,Neutral
1,7,0,0,0,0,1,0,Invariable
1,8,0,0,0,0,1,0,Invariable
1,9,0,0.384,0.276,0.663,0.4154,0.342,Neutral
1,10,0,0,0,0,1,0,Invariable
1,11,2.212,0.419,0.936,1.761,0.1845,1.161,Neutral
1,12,0,1.014,0.645,1.811,0.1784,0.8,Neutral
1,13,0,0.827,0.604,1.321,0.2504,0.749,Neutral
1,14,0,0.709,0.392,1.17,0.2793,0.485,Neutral
1,15,2.608,0.848,1.297,1.055,0.3044,1.609,Neutral
1,16,0,0,0,0,1,0,Invariable
1,17,1.273,0,0.315,2.594,0.1073,0.39,Neutral
1,18,0,0,0,0,1,0,Neutral
1,19,0,0,0,0,1,0,Invariable
1,20,0,0,0,0,1,0,Invariable
1,21,0,0.416,0.317,0.536,0.464,0.394,Neutral
1,22,0,0,0,0,1,0,Invariable
1,23,0,0,0,0,1,0,Invariable
1,24,0,0.481,0.292,0.99,0.3198,0.362,Neutral
1,25,0,0.745,0.632,0.618,0.4318,0.783,Neutral
1,26,0,0.619,0.368,1.01,0.315,0.457,Neutral
1,27,0,0,0,0,1,0,Invariable
1,28,0,0,0,0,1,0,Invariable
1,29,0,0,0,0,1,0,Invariable
1,30,0,2.075,1.314,3.102,0.0782,1.63,Diversifying
1,31,0,0,0,0,1,0,Invariable
1,32,0,0,0,0,1,0,Invariable
1,33,0,0.554,0.328,1.117,0.2905,0.407,Neutral
1,34,0,0,0,0,1,0,Invariable
1,35,0,0.819,0.554,1.478,0.224,0.688,Neutral
1,36,0,0,0,0,1,0,Invariable
1,37,0,0.399,0.276,0.736,0.3909,0.342,Neutral
1,38,0.877,0,0.257,2.387,0.1224,0.319,Neutral
1,39,0,0,0,0,1,0,Invariable
1,40,0,0,0,0,1,0,Invariable
1,41,0,0.427,0.272,0.872,0.3504,0.337,Neutral
1,42,0,0,0,0,1,0,Invariable
1,43,5.787,2.579,3.395,0.924,0.3364,4.21,Neutral
1,44,1.656,0,0.323,3.345,0.0674,0.401,Purifying
1,45,0,0,0,0,1,0,Invariable
1,46,0,0,0,0,1,0,Invariable
1,47,2.148,0,0.573,5.084,0.0241,0.711,Purifying
1,48,2.583,0,0.582,5.713,0.0168,0.722,Purifying
1,49,0,0,0,0,1,0,Invariable
1,50,0.772,0,0.259,2.16,0.1417,0.321,Neutral
1,51,0,0,0,0,1,0,Invariable
1,52,0,0,0,0,1,0,Invariable
1,53,0,0,0,0,1,0,Invariable
1,54,0,0,0,0,1,0,Invariable
1,55,0,0,0,0,1,0,Invariable
1,56,3.101,0,0.336,3.849,0.0498,0.416,Purifying
1,57,0,0.427,0.272,0.872,0.3504,0.337,Neutral
1,58,10.974,0,1.561,14.411,0.0001,1.935,Purifying
1,59,1.819,0,0.722,3.646,0.0562,0.896,Purifying
1,60,0.832,0,0.261,2.207,0.1374,0.324,Neutral
1,61,6.657,0.451,2.063,7.352,0.0067,2.558,Purifying
1,62,0,0,0,0,1,0,Invariable
1,63,0,0,0,0,1,0,Invariable
1,64,0,0,0,0,1,0,Invariable
1,65,0,0,0,0,1,0,Invariable
1,66,1.31,0,0.303,2.971,0.0848,0.376,Purifying
1,67,1.14,0,0.278,2.778,0.0956,0.345,Purifying
1,68,0,0,0,0,1,0,Invariable
1,69,0,0,0,0,1,0,Invariable
1,70,0,0,0,0,1,0,Invariable
1,71,0,0,0,0,1,0,Invariable
1,72,0,0,0,0,1,0,Invariable
1,73,1.06,0,0.27,2.624,0.1052,0.334,Neutral
1,74,1.508,0,0.648,3.201,0.0736,0.804,Purifying
1,75,2.012,0.782,1.118,0.76,0.3835,1.387,Neutral
1,76,0.877,0,0.268,2.367,0.1239,0.333,Neutral
1,77,0.956,0.399,0.564,0.334,0.5632,0.7,Neutral
1,78,0,0,0,0,1,0,Invariable
1,79,0,0,0,0,1,0,Invariable
1,80,0.8,0,0.257,2.172,0.1405,0.319,Neutral
1,81,1.722,0,0.451,2.549,0.1104,0.559,Neutral
1,82,0,0,0,0,1,0,Invariable
1,83,0,0,0,0,1,0,Invariable
1,84,5.545,0,1.039,9.026,0.0027,1.288,Purifying
1,85,0,0.396,0.257,0.828,0.3628,0.318,Neutral
1,86,0,0,0,0,1,0,Invariable
1,87,0,0,0,0,1,0,Invariable
1,88,2.726,0,0.824,6.738,0.0094,1.022,Purifying
1,89,2.631,0,0.623,5.794,0.0161,0.773,Purifying
1,90,2.99,0,1.006,6.145,0.0132,1.248,Purifying
1,91,1.027,0,0.282,2.54,0.111,0.349,Neutral
1,92,1.25,0,0.611,2.811,0.0936,0.758,Purifying
1,93,1.106,0,0.287,2.506,0.1134,0.356,Neutral
1,94,4.078,0.415,1.116,3.568,0.0589,1.384,Purifying
1,95,1.747,0,0.463,2.598,0.107,0.574,Neutral
1,96,1.859,0,0.532,4.849,0.0277,0.66,Purifying
1,97,1.108,0,0.271,2.674,0.102,0.337,Neutral
1,98,1.861,0.995,1.173,0.212,0.6454,1.454,Neutral
1,99,1.157,0,0.406,2.047,0.1525,0.504,Neutral
1,100,3.361,0,0.278,4.89,0.027,0.345,Purifying
1,101,2.427,0,0.59,5.317,0.0211,0.732,Purifying
1,102,1.338,0,0.271,2.8,0.0943,0.336,Purifying
1,103,2.706,0,0.61,6.027,0.0141,0.756,Purifying
1,104,0,0,0,0,1,0,Invariable
1,105,1.202,0,0.283,2.671,0.1022,0.351,Neutral
1,106,0.949,0,0.285,2.381,0.1228,0.353,Neutral
1,107,1.899,0,0.689,2.649,0.1036,0.854,Neutral
1,108,2.899,0.418,0.992,2.39,0.1221,1.23,Neutral
1,109,0,0.859,0.538,1.811,0.1784,0.667,Neutral
1,110,0,0,0,0,1,0,Invariable
1,111,0.767,0.522,0.617,0.07,0.791,0.765,Neutral
1,112,3.801,0.88,1.475,1.861,0.1725,1.829,Neutral
1,113,3.769,0.877,1.467,1.857,0.173,1.82,Neutral
1,114,0,0,0,0,1,0,Invariable
1,115,0,0,0,0,1,0,Invariable
1,116,2.48,0,0.594,5.722,0.0168,0.736,Purifying
1,117,6.371,0.387,1.558,6.732,0.0095,1.933,Purifying
1,118,1.751,0,0.341,3.212,0.0731,0.423,Purifying
1,119,1.125,0,0.288,2.52,0.1124,0.357,Neutral
1,120,5.151,0,0.952,9.818,0.0017,1.181,Purifying
1,121,0,0,0,0,1,0,Invariable
1,122,3.046,0,0.865,4.681,0.0305,1.073,Purifying
1,123,4.658,0,1.969,8.577,0.0034,2.442,Purifying
1,124,1.016,0,0.282,2.529,0.1118,0.349,Neutral
1,125,0.82,0,0.255,2.309,0.1286,0.316,Neutral
1,126,1.116,0,0.294,2.703,0.1001,0.364,Neutral
1,127,5.207,0,0.93,10.254,0.0014,1.153,Purifying
1,128,3.032,0,0.854,7.119,0.0076,1.059,Purifying
1,129,0.998,0,0.273,2.561,0.1095,0.339,Neutral
1,130,1.133,0,0.281,2.655,0.1032,0.349,Neutral
1,131,0,0,0,0,1,0,Invariable
1,132,0,0,0,0,1,0,Invariable
1,133,0.807,0,0.256,2.209,0.1372,0.317,Neutral
1,134,1.06,0,0.269,2.628,0.105,0.334,Neutral
1,135,1.063,0,0.29,2.472,0.1159,0.36,Neutral
1,136,1.034,0,0.303,2.288,0.1304,0.376,Neutral
1,137,0,0,0,0,1,0,Invariable
1,138,0,0,0,0,1,0,Invariable
1,139,0.763,0,0.249,2.223,0.136,0.308,Neutral
1,140,2.982,0,0.562,6.183,0.0129,0.697,Purifying
1,141,2.427,0,0.54,5.68,0.0172,0.67,Purifying
1,142,0,0,0,0,1,0,Invariable
1,143,3.932,0,0.61,6.327,0.0119,0.756,Purifying
1,144,8.178,0,1.443,13.251,0.0003,1.789,Purifying
1,145,0,0,0,0,1,0,Invariable
1,146,0,0,0,0,1,0,Invariable
1,147,1.027,0,0.282,2.54,0.111,0.349,Neutral
1,148,1.151,0,0.273,2.709,0.0998,0.338,Purifying
1,149,9.202,0,1.749,15.138,0.0001,2.169,Purifying
1,150,1.15,0,0.307,2.609,0.1062,0.381,Neutral
1,151,0,0,0,0,1,0,Invariable
1,152,0,0,0,0,1,0,Invariable
1,153,0.932,0,0.266,2.517,0.1127,0.33,Neutral
1,154,1.027,0,0.282,2.54,0.111,0.349,Neutral
1,155,4.071,0,0.948,8.434,0.0037,1.175,Purifying
1,156,0,0,0,0,1,0,Invariable
1,157,1.012,0,0.27,2.618,0.1057,0.335,Neutral
1,158,2.429,0,1.005,4.798,0.0285,1.246,Purifying
1,159,0,0.404,0.285,0.689,0.4064,0.354,Neutral
1,160,0.774,0,0.259,2.164,0.1413,0.321,Neutral
1,161,0.533,0,0.278,1.26,0.2617,0.344,Neutral
1,162,0,0,0,0,1,0,Invariable
1,163,1,0,0.28,2.498,0.114,0.348,Neutral
1,164,0.886,0.382,0.541,0.322,0.5705,0.67,Neutral
1,165,0.774,0,0.259,2.164,0.1413,0.321,Neutral
1,166,5.546,0,1.326,10.771,0.001,1.644,Purifying
1,167,1.108,0,0.28,2.563,0.1094,0.347,Neutral
1,168,1.299,0.615,0.964,0.343,0.5581,1.195,Neutral
1,169,1.288,0,0.286,2.713,0.0996,0.354,Purifying
1,170,0,0.399,0.278,0.703,0.4019,0.344,Neutral
1,171,0,0,0,0,1,0,Invariable
1,172,3.441,0,0.895,8.075,0.0045,1.11,Purifying
1,173,0,0,0,0,1,0,Invariable
1,174,0,0,0,0,1,0,Invariable
1,175,10.986,0,1.946,13.804,0.0002,2.413,Purifying
1,176,1.192,0,0.402,2.017,0.1556,0.498,Neutral
1,177,0,0,0,0,1,0,Invariable
1,178,0,0,0,0,1,0,Invariable
1,179,7.25,0,1.577,13.339,0.0003,1.956,Purifying
1,180,1.092,0,0.307,2.423,0.1196,0.381,Neutral
1,181,0,0,0,0,1,0,Invariable
1,182,0,0,0,0,1,0,Invariable
1,183,0,0,0,0,1,0,Invariable
1,184,3.104,0,0.594,6.436,0.0112,0.737,Purifying
1,185,0,0,0,0,1,0,Invariable
1,186,0,0,0,0,1,0,Invariable
1,187,0,0,0,0,1,0,Invariable
1,188,0,0,0,0,1,0,Invariable
1,189,1,0,0.28,2.498,0.114,0.348,Neutral
1,190,1.124,1.124,1.123,0,1,1.393,Neutral
1,191,0,0,0,0,1,0,Invariable
1,192,0,0,0,0,1,0,Invariable
1,193,2.521,1.671,1.984,0.154,0.6948,2.46,Neutral
1,194,6.857,0.995,2.2,4.204,0.0403,2.728,Purifying
1,195,2.202,0,0.563,5.304,0.0213,0.699,Purifying
1,196,6.321,0,1.196,11.206,0.0008,1.483,Purifying
1,197,1.152,0.934,1.001,0.024,0.878,1.242,Neutral
1,198,3.439,0,0.694,5.265,0.0218,0.86,Purifying
1,199,3.33,0,0.645,6.406,0.0114,0.8,Purifying
1,200,1.021,0,0.279,2.559,0.1097,0.346,Neutral
1,201,3.714,0,0.602,6.078,0.0137,0.746,Purifying
1,202,1.027,0,0.285,2.512,0.113,0.353,Neutral
1,203,0,0,0,0,1,0,Invariable
1,204,1.196,0.509,0.72,0.34,0.5601,0.892,Neutral
1,205,2.386,0.465,1.038,1.792,0.1807,1.287,Neutral
1,206,10.73,0,1.891,16.596,0,2.344,Purifying
1,207,0,0,0,0,1,0,Invariable
1,208,0,0,0,0,1,0,Invariable
1,209,2.457,0,0.581,5.609,0.0179,0.721,Purifying
1,210,5.112,0,0.616,8.024,0.0046,0.763,Purifying
1,211,0,0.495,0.329,0.813,0.3671,0.408,Neutral
1,212,1.072,0,0.27,2.646,0.1038,0.335,Neutral
1,213,0,0,0,0,1,0,Invariable
1,214,0.868,0.579,0.695,0.073,0.7873,0.861,Neutral
1,215,0,1.111,0.723,1.74,0.1871,0.897,Neutral
1,216,0,0,0,0,1,0,Invariable
1,217,0.958,0,0.388,1.693,0.1932,0.481,Neutral
1,218,6.637,0,0.882,9.967,0.0016,1.094,Purifying
1,219,0,0,0,0,1,0,Invariable
1,220,0,0,0,0,1,0,Invariable
1,221,5.393,0,1.148,11.037,0.0009,1.423,Purifying
1,222,3.193,0.383,1.056,3.198,0.0737,1.31,Purifying
1,223,1.818,0,0.32,3.175,0.0748,0.397,Purifying
1,224,0,0,0,0,1,0,Invariable
1,225,0,0.467,0.309,0.798,0.3716,0.383,Neutral
1,226,0,0.466,0.282,0.987,0.3205,0.35,Neutral
1,227,0,0,0,0,1,0,Invariable
1,228,0,0,0,0,1,0,Invariable
1,229,0,0,0,0,1,0,Invariable
1,230,3.49,0,0.886,8.057,0.0045,1.099,Purifying
1,231,0.001,0.266,0.264,0.002,0.9636,0.328,Neutral
1,232,3.401,0.462,1.018,2.241,0.1344,1.262,Neutral
1,233,6.316,0,1.041,9.309,0.0023,1.29,Purifying
1,234,4.32,0,1.749,8.098,0.0044,2.168,Purifying
1,235,0,0,0,0,1,0,Invariable
1,236,0.803,0,0.248,2.25,0.1336,0.308,Neutral
1,237,0,0,0,0,1,0,Invariable
1,238,0,0,0,0,1,0,Invariable
1,239,0,0,0,0,1,0,Invariable
1,240,0,0,0,0,1,0,Invariable
1,241,4.475,0,0.763,7.369,0.0066,0.946,Purifying
1,242,1.778,0,0.525,4.693,0.0303,0.651,Purifying
1,243,1.027,0,0.27,2.481,0.1153,0.335,Neutral
1,244,0,0,0,0,1,0,Invariable
1,245,0,0.308,0.277,0.199,0.6555,0.344,Neutral
1,246,1.329,0,0.411,2.138,0.1437,0.51,Neutral
1,247,1.012,0,0.27,2.616,0.1058,0.335,Neutral
1,248,2.331,0.397,0.891,2.011,0.1562,1.105,Neutral
1,249,0.811,0,0.255,2.205,0.1376,0.317,Neutral
1,250,0,0,0,0,1,0,Invariable
1,251,1.027,0,0.282,2.54,0.111,0.349,Neutral
1,252,2.71,0,0.303,4.478,0.0343,0.376,Purifying
1,253,0.763,0,0.258,2.147,0.1428,0.32,Neutral
1,254,3.839,0.431,1.089,2.901,0.0885,1.351,Purifying
1,255,1.776,0,0.298,3.105,0.0781,0.369,Purifying
1,256,1.021,0,0.279,2.559,0.1097,0.346,Neutral
1,257,1.376,2.229,1.935,0.187,0.6653,2.399,Neutral
1,258,1.329,0,0.311,2.694,0.1007,0.385,Neutral
1,259,0,0,0,0,1,0,Invariable
1,260,0,0,0,0,1,0,Invariable
1,261,5.181,0,0.668,7.549,0.006,0.828,Purifying
1,262,1.496,0,0.309,3.081,0.0792,0.383,Purifying
1,263,7.001,0,0.946,9.868,0.0017,1.173,Purifying
1,264,0,0,0,0,1,0,Invariable
1,265,0,0,0,0,1,0,Invariable
1,266,0,0,0,0,1,0,Invariable
1,267,0,0,0,0,1,0,Invariable
1,268,0,0,0,0,1,0,Invariable
1,269,1.496,0,0.309,3.086,0.0789,0.383,Purifying
1,270,0,0,0,0,1,0,Invariable
1,271,0,0,0,0,1,0,Invariable
1,272,0,0,0,0,1,0,Invariable
1,273,2.337,0.395,0.901,2.053,0.1519,1.117,Neutral
1,274,0,0,0,0,1,0,Invariable
1,275,0,0,0,0,1,0,Invariable
1,276,2.212,0.429,0.762,1.24,0.2654,0.945,Neutral
1,277,0,0,0,0,1,0,Invariable
1,278,2.8,0.379,0.947,2.742,0.0978,1.174,Purifying
1,279,0,0.383,0.257,0.772,0.3797,0.319,Neutral
1,280,0,0,0,0,1,0,Invariable
1,281,1.016,1.116,1.08,0.005,0.9429,1.339,Neutral
1,282,0.947,0,0.274,2.462,0.1166,0.34,Neutral
1,283,0.623,0,0.291,1.469,0.2255,0.361,Neutral
1,284,2.797,0,0.618,6.2,0.0128,0.766,Purifying
1,285,0.932,0,0.266,2.517,0.1127,0.33,Neutral
1,286,0,0.54,0.355,0.852,0.356,0.44,Neutral
1,287,0,0,0,0,1,0,Invariable
1,288,0.776,1.626,1.279,0.421,0.5165,1.586,Neutral
1,289,0.83,0,0.251,2.295,0.1298,0.311,Neutral
1,290,0,0,0,0,1,0,Invariable
1,291,8.335,0.924,2.052,4.241,0.0395,2.545,Purifying
1,292,3.516,1.11,1.412,0.593,0.4412,1.751,Neutral
1,293,1.407,0,0.291,2.962,0.0852,0.36,Purifying
1,294,0,0,0,0,1,0,Invariable
1,295,2.531,0.437,1.007,1.969,0.1606,1.248,Neutral
1,296,3.67,0,1.168,6.088,0.0136,1.448,Purifying
1,297,2.606,0.711,0.992,0.796,0.3722,1.23,Neutral
1,298,0,0,0,0,1,0,Invariable
1,299,0.832,0,0.261,2.207,0.1374,0.324,Neutral
1,300,0,0,0,0,1,0,Invariable
1,301,0.576,0,0.289,1.342,0.2467,0.358,Neutral
1,302,0.923,0,0.3,2.188,0.1391,0.372,Neutral
1,303,1.012,0,0.27,2.618,0.1057,0.335,Neutral
1,304,0.787,0,0.334,1.699,0.1924,0.415,Neutral
1,305,0,0,0,0,1,0,Invariable
1,306,0,0.399,0.278,0.703,0.4019,0.344,Neutral
1,307,0,0.416,0.264,0.878,0.3487,0.327,Neutral
1,308,0,0,0,0,1,0,Invariable
1,309,4.558,0,1.103,5.596,0.018,1.368,Purifying
1,310,0,0,0,0,1,0,Invariable
1,311,4.869,0,1.016,5.638,0.0176,1.26,Purifying
1,312,0,0,0,0,1,0,Invariable
1,313,0,0,0,0,1,0,Invariable
1,314,3.429,0,0.791,5.961,0.0146,0.981,Purifying
1,315,3.71,0.506,1.092,2.521,0.1123,1.354,Neutral
1,316,0,0,0,0,1,0,Invariable
1,317,0,0,0,0,1,0,Invariable
1,318,0,0,0,0,1,0,Invariable
1,319,0,0.819,0.533,1.655,0.1983,0.661,Neutral
1,320,0,0,0,0,1,0,Invariable
1,321,0,0,0,0,1,0,Invariable
1,322,0,0,0,0,1,0,Invariable
1,323,0,0,0,0,1,0,Invariable
1,324,0,0,0,0,1,0,Invariable
1,325,0,0,0,0,1,0,Invariable
1,326,0,0,0,0,1,0,Invariable