Site,Partition,&alpha;,&beta;,&beta;-&alpha;,Prob[&alpha;>&beta;],Prob[&alpha;<&beta;],BayesFactor[&alpha;<&beta;],,num_pos,num_neg,,,
1,1,2.351,1.18,-1.171,0.643,0.31,0.992,,1,83,,,
2,1,3.005,13.757,10.752,0.225,0.727,5.867,,,,,,
3,1,2.85,0.964,-1.886,0.663,0.292,0.909,,,,,,
4,1,1.179,0.541,-0.638,0.617,0.329,1.081,,,,,,
5,1,1.398,0.453,-0.945,0.649,0.299,0.94,,,,,,
6,1,1.509,1.367,-0.142,0.396,0.548,2.673,,,,,,
7,1,2.404,0.428,-1.977,0.707,0.248,0.727,,,,,,
8,1,3.529,0.267,-3.262,0.806,0.155,0.406,,,,,,
9,1,0.646,0.673,0.027,0.383,0.557,2.779,,,,,,Chaq
10,1,0.798,0.318,-0.48,0.667,0.275,0.837,,,,,,
11,1,4.005,0.616,-3.389,0.89,0.081,0.195,,,,,,
12,1,0.655,1.057,0.402,0.254,0.69,4.909,,,,,,
13,1,0.768,1.009,0.242,0.282,0.66,4.287,,,,,,
14,1,0.678,0.917,0.239,0.343,0.599,3.295,,,,,,
15,1,6.05,1.112,-4.938,0.862,0.087,0.21,,,,,,
16,1,0.685,0.412,-0.274,0.59,0.349,1.184,,,,,,
17,1,2.458,0.286,-2.172,0.896,0.081,0.194,,,,,,
18,1,0.798,0.318,-0.48,0.667,0.275,0.837,,,,,,
19,1,0.617,0.314,-0.304,0.633,0.302,0.957,,,,,,
20,1,0.615,0.326,-0.289,0.623,0.313,1.006,,,,,,
21,1,0.91,0.696,-0.214,0.429,0.512,2.314,,,,,,
22,1,0.613,0.343,-0.27,0.61,0.326,1.068,,,,,,
23,1,0.818,0.346,-0.472,0.649,0.293,0.915,,,,,,
24,1,0.58,0.702,0.121,0.354,0.587,3.134,,,,,,
25,1,0.852,0.928,0.076,0.316,0.625,3.672,,,,,,
26,1,0.721,0.799,0.078,0.373,0.568,2.903,,,,,,
27,1,0.818,0.344,-0.475,0.651,0.291,0.908,,,,,,
28,1,0.618,0.311,-0.306,0.635,0.301,0.949,,,,,,
29,1,0.76,0.335,-0.425,0.648,0.292,0.912,,,,,,
30,1,0.59,4.428,3.839,0.035,0.939,34.02,,,,,,
31,1,0.618,0.311,-0.306,0.635,0.301,0.949,,,,,,
32,1,0.792,0.343,-0.449,0.648,0.294,0.919,,,,,,
33,1,0.579,0.764,0.185,0.329,0.613,3.49,,,,,,
34,1,0.752,0.318,-0.435,0.66,0.28,0.859,,,,,,
35,1,0.679,1.147,0.468,0.25,0.694,5.004,,,,,,
36,1,0.748,0.339,-0.409,0.644,0.297,0.931,,,,,,
37,1,0.625,0.65,0.025,0.386,0.554,2.74,,,,,,
38,1,2.111,0.281,-1.83,0.889,0.087,0.209,,,,,,
39,1,0.752,0.318,-0.435,0.66,0.28,0.859,,,,,,
40,1,0.618,0.311,-0.306,0.635,0.301,0.949,,,,,,
41,1,0.588,0.637,0.049,0.382,0.558,2.783,,,,,,
42,1,0.705,0.336,-0.37,0.634,0.304,0.966,,,,,,
43,1,11.257,7.111,-4.146,0.49,0.122,0.306,,,,,,
44,1,2.406,0.301,-2.106,0.892,0.084,0.202,,,,,,
45,1,0.68,0.336,-0.343,0.629,0.309,0.987,,,,,,
46,1,0.685,0.306,-0.379,0.653,0.285,0.879,,,,,,
47,1,4.303,0.272,-4.031,0.97,0.021,0.048,,,,,,
48,1,5.072,0.267,-4.805,0.979,0.015,0.034,,,,,,
49,1,0.818,0.344,-0.475,0.651,0.291,0.908,,,,,,
50,1,1.382,0.301,-1.081,0.848,0.12,0.3,,,,,,
51,1,1.007,0.335,-0.672,0.677,0.268,0.81,,,,,,
52,1,0.633,0.322,-0.311,0.631,0.306,0.973,,,,,,
53,1,0.632,0.326,-0.307,0.627,0.309,0.988,,,,,,
54,1,0.63,0.342,-0.288,0.615,0.322,1.048,,,,,,
55,1,0.792,0.343,-0.449,0.648,0.294,0.919,,,,,,
56,1,4.957,0.308,-4.649,0.935,0.051,0.118,,,,,,
57,1,0.588,0.637,0.049,0.382,0.558,2.783,,,,,,
58,1,22.956,0.405,-22.55,1,0,0,,,,,,
59,1,3.601,0.305,-3.296,0.955,0.033,0.075,,,,,,
60,1,1.576,0.285,-1.291,0.864,0.106,0.263,,,,,,
61,1,13.413,0.681,-12.733,0.999,0,0,,,,,,
62,1,0.705,0.336,-0.37,0.634,0.304,0.966,,,,,,
63,1,0.802,0.297,-0.505,0.683,0.259,0.772,,,,,,
64,1,0.619,0.302,-0.318,0.643,0.293,0.913,,,,,,
65,1,1.007,0.335,-0.672,0.677,0.268,0.81,,,,,,
66,1,2.533,0.286,-2.247,0.902,0.076,0.182,,,,,,
67,1,2.448,0.279,-2.17,0.901,0.077,0.184,,,,,,
68,1,0.678,0.347,-0.331,0.622,0.316,1.022,,,,,,
69,1,0.81,0.393,-0.417,0.62,0.322,1.048,,,,,,
70,1,0.802,0.297,-0.505,0.683,0.259,0.772,,,,,,
71,1,3.643,0.373,-3.27,0.749,0.21,0.588,,,,,,
72,1,3.529,0.267,-3.262,0.806,0.155,0.406,,,,,,
73,1,2.363,0.269,-2.095,0.902,0.076,0.182,,,,,,
74,1,2.775,0.31,-2.465,0.933,0.05,0.115,,,,,,
75,1,3.748,0.922,-2.826,0.789,0.152,0.396,,,,,,
76,1,2.018,0.29,-1.727,0.883,0.092,0.223,,,,,,
77,1,2.035,0.638,-1.398,0.708,0.238,0.69,,,,,,
78,1,0.708,0.322,-0.386,0.645,0.294,0.92,,,,,,
79,1,0.798,0.318,-0.48,0.667,0.275,0.837,,,,,,
80,1,1.48,0.317,-1.164,0.841,0.126,0.319,,,,,,
81,1,3.22,0.353,-2.867,0.89,0.086,0.209,,,,,,
82,1,0.707,0.326,-0.381,0.642,0.297,0.933,,,,,,
83,1,0.63,0.342,-0.288,0.615,0.322,1.048,,,,,,
84,1,10.167,0.331,-9.836,0.998,0.001,0.003,,,,,,
85,1,0.574,0.648,0.074,0.373,0.566,2.885,,,,,,
86,1,0.617,0.314,-0.304,0.633,0.302,0.957,,,,,,
87,1,3.529,0.267,-3.262,0.806,0.155,0.406,,,,,,
88,1,5.22,0.272,-4.948,0.99,0.007,0.015,,,,,,
89,1,5.459,0.277,-5.183,0.981,0.013,0.03,,,,,,
90,1,5.977,0.303,-5.674,0.991,0.005,0.012,,,,,,
91,1,1.66,0.312,-1.348,0.855,0.114,0.285,,,,,,
92,1,2.243,0.318,-1.925,0.916,0.062,0.147,,,,,,
93,1,1.846,0.307,-1.539,0.862,0.109,0.269,,,,,,
94,1,10.114,0.694,-9.42,0.99,0.005,0.01,,,,,,
95,1,3.319,0.353,-2.965,0.895,0.082,0.198,,,,,,
96,1,3.242,0.266,-2.977,0.956,0.032,0.074,,,,,,
97,1,5.401,0.272,-5.129,0.979,0.015,0.033,,,,,,
98,1,2.436,1.179,-1.256,0.559,0.363,1.259,,,,,,
99,1,2.443,0.356,-2.087,0.867,0.105,0.26,,,,,,
100,1,5.493,0.263,-5.229,0.954,0.035,0.081,,,,,,
101,1,3.797,0.289,-3.508,0.958,0.03,0.069,,,,,,
102,1,2.724,0.267,-2.457,0.911,0.069,0.163,,,,,,
103,1,5.335,0.267,-5.068,0.982,0.013,0.028,,,,,,
104,1,0.792,0.343,-0.449,0.648,0.294,0.919,,,,,,
105,1,1.991,0.294,-1.697,0.874,0.099,0.242,,,,,,
106,1,2.105,0.312,-1.793,0.875,0.098,0.241,,,,,,
107,1,2.939,0.452,-2.487,0.821,0.158,0.416,,,,,,
108,1,7.795,0.682,-7.113,0.964,0.023,0.052,,,,,,
109,1,0.558,0.96,0.403,0.241,0.705,5.264,,,,,,
110,1,0.678,0.347,-0.331,0.622,0.316,1.022,,,,,,
111,1,1.228,0.705,-0.524,0.597,0.336,1.117,,,,,,
112,1,7.166,1.15,-6.016,0.895,0.061,0.144,,,,,,
113,1,7.138,1.141,-5.996,0.895,0.061,0.144,,,,,,
114,1,3.643,0.373,-3.27,0.749,0.21,0.588,,,,,,
115,1,0.681,0.327,-0.355,0.636,0.302,0.953,,,,,,
116,1,4.54,0.266,-4.274,0.975,0.018,0.041,,,,,,
117,1,9.362,0.67,-8.693,0.994,0.002,0.004,,,,,,
118,1,3.317,0.31,-3.007,0.91,0.07,0.166,,,,,,
119,1,1.869,0.306,-1.562,0.863,0.108,0.267,,,,,,
120,1,7.847,0.279,-7.567,0.997,0.002,0.004,,,,,,
121,1,3.529,0.267,-3.262,0.806,0.155,0.406,,,,,,
122,1,6.287,0.345,-5.942,0.977,0.016,0.035,,,,,,
123,1,8.703,0.342,-8.361,1,0,0,,,,,,
124,1,1.694,0.297,-1.397,0.866,0.105,0.26,,,,,,
125,1,1.398,0.293,-1.105,0.854,0.115,0.286,,,,,,
126,1,1.895,0.293,-1.602,0.879,0.094,0.23,,,,,,
127,1,7.388,0.292,-7.096,0.997,0.002,0.004,,,,,,
128,1,5.607,0.271,-5.336,0.992,0.005,0.012,,,,,,
129,1,2.146,0.304,-1.842,0.88,0.094,0.23,,,,,,
130,1,2.329,0.289,-2.041,0.891,0.085,0.204,,,,,,
131,1,3.643,0.373,-3.27,0.749,0.21,0.588,,,,,,
132,1,0.68,0.336,-0.343,0.629,0.309,0.987,,,,,,
133,1,1.508,0.297,-1.211,0.854,0.115,0.286,,,,,,
134,1,2.359,0.28,-2.079,0.896,0.081,0.193,,,,,,
135,1,2.187,0.313,-1.874,0.875,0.098,0.24,,,,,,
136,1,2.053,0.318,-1.735,0.865,0.106,0.263,,,,,,
137,1,3.529,0.267,-3.262,0.806,0.155,0.406,,,,,,
138,1,0.623,0.319,-0.304,0.63,0.306,0.971,,,,,,
139,1,1.355,0.292,-1.064,0.852,0.116,0.289,,,,,,
140,1,5.146,0.263,-4.883,0.978,0.016,0.035,,,,,,
141,1,3.679,0.277,-3.402,0.96,0.029,0.067,,,,,,
142,1,0.616,0.323,-0.293,0.626,0.31,0.991,,,,,,
143,1,4.654,0.293,-4.361,0.967,0.024,0.054,,,,,,
144,1,10.753,0.335,-10.418,1,0,0,,,,,,
145,1,0.711,0.305,-0.406,0.658,0.28,0.86,,,,,,
146,1,0.618,0.311,-0.306,0.635,0.301,0.949,,,,,,
147,1,1.66,0.312,-1.348,0.855,0.114,0.285,,,,,,
148,1,2.427,0.282,-2.145,0.897,0.08,0.192,,,,,,
149,1,12.96,0.353,-12.607,1,0,0,,,,,,
150,1,2.452,0.31,-2.142,0.886,0.089,0.215,,,,,,
151,1,0.753,0.312,-0.441,0.665,0.276,0.841,,,,,,
152,1,1.429,0.281,-1.148,0.747,0.205,0.568,,,,,,
153,1,2.114,0.283,-1.832,0.89,0.086,0.207,,,,,,
154,1,1.66,0.312,-1.348,0.855,0.114,0.285,,,,,,
155,1,8.005,0.293,-7.711,0.997,0.002,0.003,,,,,,
156,1,0.679,0.339,-0.34,0.627,0.311,0.997,,,,,,
157,1,1.931,0.284,-1.647,0.881,0.093,0.226,,,,,,
158,1,4.803,0.301,-4.503,0.984,0.011,0.024,,,,,,
159,1,0.646,0.67,0.024,0.385,0.556,2.759,,,,,,
160,1,1.377,0.317,-1.06,0.838,0.128,0.325,,,,,,
161,1,1.08,0.346,-0.735,0.797,0.163,0.429,,,,,,
162,1,0.633,0.322,-0.311,0.631,0.306,0.973,,,,,,
163,1,1.611,0.313,-1.298,0.852,0.116,0.291,,,,,,
164,1,1.894,0.629,-1.265,0.707,0.24,0.697,,,,,,
165,1,1.377,0.317,-1.06,0.838,0.128,0.325,,,,,,
166,1,9.207,0.296,-8.911,0.999,0,0.001,,,,,,
167,1,1.846,0.308,-1.538,0.861,0.109,0.271,,,,,,
168,1,2.378,0.785,-1.594,0.771,0.175,0.469,,,,,,
169,1,1.873,0.295,-1.577,0.869,0.102,0.252,,,,,,
170,1,0.724,0.65,-0.074,0.416,0.524,2.429,,,,,,
171,1,0.619,0.302,-0.318,0.643,0.293,0.913,,,,,,
172,1,6.781,0.275,-6.506,0.996,0.002,0.005,,,,,,
173,1,0.798,0.318,-0.48,0.666,0.275,0.838,,,,,,
174,1,0.613,0.343,-0.27,0.61,0.326,1.068,,,,,,
175,1,15.355,0.371,-14.984,1,0,0,,,,,,
176,1,2.643,0.359,-2.284,0.868,0.104,0.257,,,,,,
177,1,0.568,0.366,-0.202,0.583,0.352,1.197,,,,,,
178,1,0.637,0.301,-0.336,0.647,0.289,0.896,,,,,,
179,1,9.888,0.306,-9.582,1,0,0,,,,,,
180,1,2.325,0.287,-2.039,0.892,0.084,0.202,,,,,,
181,1,0.682,0.323,-0.359,0.639,0.299,0.94,,,,,,
182,1,0.81,0.393,-0.417,0.62,0.322,1.048,,,,,,
183,1,0.68,0.336,-0.343,0.629,0.309,0.987,,,,,,
184,1,4.555,0.262,-4.293,0.974,0.019,0.042,,,,,,
185,1,0.633,0.322,-0.311,0.631,0.306,0.973,,,,,,
186,1,0.515,0.368,-0.146,0.561,0.371,1.301,,,,,,
187,1,0.76,0.335,-0.425,0.648,0.292,0.912,,,,,,
188,1,0.705,0.336,-0.37,0.634,0.304,0.966,,,,,,
189,1,1.611,0.313,-1.298,0.852,0.116,0.291,,,,,,
190,1,4.442,2.056,-2.386,0.63,0.261,0.781,,,,,,
191,1,0.568,0.366,-0.202,0.583,0.352,1.197,,,,,,
192,1,0.8,0.309,-0.491,0.674,0.268,0.809,,,,,,
193,1,5.76,4.015,-1.745,0.47,0.291,0.908,,,,,,
194,1,11.743,1.217,-10.525,0.976,0.006,0.012,,,,,,
195,1,5.38,0.268,-5.112,0.982,0.013,0.029,,,,,,
196,1,8.649,0.295,-8.354,0.999,0,0.001,,,,,,
197,1,1.57,1.012,-0.558,0.507,0.416,1.575,,,,,,
198,1,4.901,0.3,-4.601,0.969,0.022,0.051,,,,,,
199,1,4.911,0.279,-4.632,0.972,0.02,0.045,,,,,,
200,1,1.582,0.296,-1.286,0.858,0.112,0.278,,,,,,
201,1,4.414,0.289,-4.125,0.965,0.026,0.058,,,,,,
202,1,1.662,0.305,-1.358,0.859,0.111,0.275,,,,,,
203,1,0.757,0.298,-0.459,0.676,0.265,0.795,,,,,,
204,1,4.83,0.655,-4.175,0.91,0.064,0.151,,,,,,
205,1,4.526,0.637,-3.889,0.906,0.067,0.159,,,,,,
206,1,16.96,0.376,-16.585,1,0,0,,,,,,
207,1,0.633,0.322,-0.311,0.631,0.306,0.973,,,,,,
208,1,0.706,0.331,-0.376,0.638,0.301,0.949,,,,,,
209,1,3.981,0.266,-3.715,0.967,0.024,0.054,,,,,,
210,1,6.899,0.275,-6.624,0.987,0.009,0.021,,,,,,
211,1,0.645,0.711,0.066,0.372,0.569,2.911,,,,,,
212,1,2.394,0.28,-2.114,0.897,0.08,0.191,,,,,,
213,1,0.68,0.336,-0.343,0.629,0.309,0.987,,,,,,
214,1,1.52,0.734,-0.786,0.629,0.308,0.982,,,,,,
215,1,0.631,1.289,0.659,0.22,0.728,5.894,,,,,,
216,1,0.685,0.306,-0.379,0.653,0.285,0.879,,,,,,
217,1,4.394,0.332,-4.062,0.961,0.028,0.064,,,,,,
218,1,8.097,0.278,-7.819,0.996,0.002,0.005,,,,,,
219,1,0.705,0.338,-0.366,0.632,0.307,0.976,,,,,,
220,1,0.63,0.342,-0.288,0.615,0.322,1.048,,,,,,
221,1,9.051,0.283,-8.768,1,0,0,,,,,,
222,1,6.257,0.617,-5.641,0.973,0.016,0.035,,,,,,
223,1,3.563,0.305,-3.258,0.912,0.068,0.162,,,,,,
224,1,0.711,0.305,-0.406,0.658,0.28,0.86,,,,,,
225,1,0.724,0.651,-0.073,0.416,0.524,2.429,,,,,,
226,1,0.567,0.657,0.09,0.367,0.573,2.966,,,,,,
227,1,0.685,0.306,-0.379,0.653,0.285,0.879,,,,,,
228,1,0.68,0.336,-0.343,0.629,0.309,0.987,,,,,,
229,1,0.679,0.339,-0.34,0.627,0.311,0.997,,,,,,
230,1,6.045,0.266,-5.778,0.994,0.004,0.008,,,,,,
231,1,3.82,0.568,-3.253,0.622,0.332,1.095,,,,,,
232,1,10.279,0.671,-9.609,0.993,0.003,0.007,,,,,,
233,1,11.074,0.335,-10.74,0.998,0.001,0.002,,,,,,
234,1,7.567,0.328,-7.24,0.998,0.001,0.001,,,,,,
235,1,1.429,0.281,-1.148,0.747,0.205,0.568,,,,,,
236,1,1.49,0.288,-1.202,0.858,0.111,0.276,,,,,,
237,1,0.615,0.326,-0.289,0.623,0.313,1.006,,,,,,
238,1,0.66,0.315,-0.345,0.642,0.295,0.925,,,,,,
239,1,0.901,0.33,-0.571,0.67,0.273,0.831,,,,,,
240,1,0.8,0.309,-0.491,0.674,0.268,0.809,,,,,,
241,1,8.088,0.317,-7.771,0.991,0.006,0.014,,,,,,
242,1,2.96,0.263,-2.696,0.951,0.036,0.081,,,,,,
243,1,3.81,0.27,-3.54,0.964,0.026,0.058,,,,,,
244,1,0.901,0.33,-0.571,0.67,0.273,0.831,,,,,,
245,1,1.324,0.59,-0.734,0.521,0.423,1.619,,,,,,
246,1,2.638,0.358,-2.28,0.87,0.103,0.254,,,,,,
247,1,1.932,0.285,-1.647,0.881,0.093,0.227,,,,,,
248,1,3.065,0.661,-2.404,0.79,0.166,0.438,,,,,,
249,1,1.577,0.296,-1.281,0.859,0.111,0.276,,,,,,
250,1,0.818,0.346,-0.472,0.649,0.293,0.915,,,,,,
251,1,1.66,0.312,-1.348,0.855,0.114,0.285,,,,,,
252,1,4.365,0.267,-4.098,0.942,0.044,0.103,,,,,,
253,1,1.346,0.318,-1.028,0.836,0.13,0.33,,,,,,
254,1,6.793,0.694,-6.099,0.935,0.045,0.103,,,,,,
255,1,4.78,0.288,-4.492,0.973,0.019,0.044,,,,,,
256,1,1.697,0.293,-1.404,0.868,0.103,0.255,,,,,,
257,1,1.965,4.481,2.516,0.153,0.718,5.617,,,,,,
258,1,2.643,0.314,-2.329,0.888,0.088,0.213,,,,,,
259,1,1.429,0.281,-1.148,0.747,0.205,0.568,,,,,,
260,1,0.818,0.344,-0.475,0.651,0.291,0.908,,,,,,
261,1,7.577,0.307,-7.27,0.996,0.002,0.005,,,,,,
262,1,2.134,0.291,-1.843,0.884,0.09,0.219,,,,,,
263,1,13.052,0.355,-12.697,1,0,0,,,,,,
264,1,0.685,0.412,-0.274,0.59,0.349,1.184,,,,,,
265,1,0.63,0.342,-0.288,0.615,0.322,1.048,,,,,,
266,1,0.8,0.309,-0.491,0.674,0.268,0.809,,,,,,
267,1,0.66,0.315,-0.345,0.642,0.295,0.925,,,,,,
268,1,0.792,0.343,-0.449,0.648,0.294,0.919,,,,,,
269,1,1.998,0.307,-1.69,0.867,0.104,0.257,,,,,,
270,1,0.799,0.311,-0.488,0.672,0.27,0.817,,,,,,
271,1,0.66,0.315,-0.345,0.642,0.295,0.925,,,,,,
272,1,0.798,0.318,-0.48,0.666,0.275,0.838,,,,,,
273,1,10.199,0.686,-9.513,0.993,0.003,0.007,,,,,,
274,1,0.613,0.343,-0.27,0.61,0.326,1.068,,,,,,
275,1,0.798,0.318,-0.48,0.666,0.275,0.838,,,,,,
276,1,4.181,0.685,-3.495,0.815,0.147,0.382,,,,,,
277,1,1.429,0.281,-1.148,0.747,0.205,0.568,,,,,,
278,1,6.267,0.616,-5.651,0.953,0.033,0.074,,,,,,
279,1,0.684,0.636,-0.048,0.413,0.526,2.453,,,,,,
280,1,0.802,0.297,-0.505,0.683,0.259,0.772,,,,,,
281,1,1.501,1.271,-0.23,0.451,0.466,1.925,,,,,,
282,1,2.111,0.29,-1.822,0.886,0.089,0.216,,,,,,
283,1,3.417,0.311,-3.106,0.945,0.041,0.093,,,,,,
284,1,5.835,0.259,-5.577,0.987,0.009,0.021,,,,,,
285,1,2.114,0.283,-1.832,0.89,0.086,0.207,,,,,,
286,1,0.758,0.755,-0.003,0.393,0.547,2.67,,,,,,
287,1,0.799,0.311,-0.488,0.672,0.27,0.817,,,,,,
288,1,1.213,2.456,1.243,0.217,0.691,4.932,,,,,,
289,1,1.581,0.289,-1.291,0.862,0.108,0.268,,,,,,
290,1,0.705,0.338,-0.366,0.632,0.307,0.976,,,,,,
291,1,13.696,1.299,-12.397,0.972,0.007,0.017,,,,,,
292,1,4.935,1.675,-3.26,0.626,0.291,0.907,,,,,,
293,1,2.929,0.3,-2.629,0.902,0.077,0.184,,,,,,
294,1,0.618,0.308,-0.31,0.638,0.298,0.936,,,,,,
295,1,5.73,0.693,-5.037,0.924,0.052,0.122,,,,,,
296,1,7.229,0.343,-6.886,0.994,0.004,0.008,,,,,,
297,1,4.524,0.938,-3.586,0.74,0.212,0.593,,,,,,
298,1,0.818,0.346,-0.472,0.649,0.293,0.915,,,,,,
299,1,1.577,0.285,-1.291,0.864,0.106,0.263,,,,,,
300,1,3.529,0.267,-3.262,0.806,0.155,0.406,,,,,,
301,1,1.106,0.351,-0.754,0.801,0.16,0.421,,,,,,
302,1,1.638,0.316,-1.322,0.852,0.117,0.292,,,,,,
303,1,1.931,0.284,-1.647,0.881,0.093,0.226,,,,,,
304,1,1.401,0.337,-1.064,0.83,0.135,0.345,,,,,,
305,1,0.8,0.309,-0.491,0.674,0.268,0.809,,,,,,
306,1,0.724,0.65,-0.074,0.416,0.524,2.429,,,,,,
307,1,0.582,0.66,0.079,0.371,0.569,2.91,,,,,,
308,1,0.901,0.383,-0.518,0.638,0.306,0.972,,,,,,
309,1,12.193,0.384,-11.809,0.999,0.001,0.001,,,,,,
310,1,0.899,0.402,-0.497,0.629,0.315,1.016,,,,,,
311,1,6.37,0.347,-6.023,0.977,0.016,0.037,,,,,,
312,1,0.681,0.327,-0.355,0.636,0.302,0.953,,,,,,
313,1,0.757,0.298,-0.459,0.676,0.265,0.795,,,,,,
314,1,5.148,0.298,-4.85,0.977,0.016,0.037,,,,,,
315,1,7.448,0.768,-6.68,0.974,0.012,0.026,,,,,,
316,1,0.818,0.346,-0.472,0.649,0.293,0.915,,,,,,
317,1,0.623,0.319,-0.304,0.63,0.306,0.971,,,,,,
318,1,0.613,0.343,-0.27,0.61,0.326,1.068,,,,,,
319,1,0.577,1.005,0.428,0.24,0.705,5.28,,,,,,
320,1,0.679,0.339,-0.34,0.627,0.311,0.997,,,,,,
321,1,0.705,0.338,-0.366,0.632,0.307,0.976,,,,,,
322,1,0.757,0.298,-0.459,0.676,0.265,0.795,,,,,,
323,1,0.754,0.31,-0.445,0.667,0.274,0.833,,,,,,
324,1,1.007,0.335,-0.672,0.677,0.268,0.81,,,,,,
325,1,0.679,0.339,-0.34,0.627,0.311,0.997,,,,,,
326,1,3.529,0.267,-3.262,0.806,0.155,0.406,,,,,,